{"10d":{"consensus":{"accuracy":0.574635241301908,"correct":1536,"pct":57.5,"total":2673},"per_ticker":{"AAPL":{"accuracy":0.9642857142857143,"correct":81,"pct":96.4,"total":84},"AMD":{"accuracy":0.05434782608695652,"correct":5,"pct":5.4,"total":92},"AMZN":{"accuracy":0.9896907216494846,"correct":96,"pct":99.0,"total":97},"AVGO":{"accuracy":0.0,"correct":0,"pct":0.0,"total":99},"BTC-USD":{"accuracy":0.4780600461893764,"correct":207,"pct":47.8,"total":433},"ETH-USD":{"accuracy":0.46359223300970875,"correct":191,"pct":46.4,"total":412},"GOOGL":{"accuracy":1.0,"correct":100,"pct":100.0,"total":100},"LMT":{"accuracy":0.0,"correct":0,"pct":0.0,"total":98},"META":{"accuracy":1.0,"correct":100,"pct":100.0,"total":100},"MSTR":{"accuracy":0.1125,"correct":9,"pct":11.2,"total":80},"MU":{"accuracy":0.06521739130434782,"correct":6,"pct":6.5,"total":92},"NVDA":{"accuracy":0.16580310880829016,"correct":32,"pct":16.6,"total":193},"PLTR":{"accuracy":0.5891472868217055,"correct":76,"pct":58.9,"total":129},"SMCI":{"accuracy":0.9900990099009901,"correct":100,"pct":99.0,"total":101},"SOUN":{"accuracy":0.9578947368421052,"correct":91,"pct":95.8,"total":95},"TSM":{"accuracy":0.7974683544303798,"correct":63,"pct":79.7,"total":79},"TTWO":{"accuracy":0.9896907216494846,"correct":96,"pct":99.0,"total":97},"VRT":{"accuracy":0.9583333333333334,"correct":92,"pct":95.8,"total":96},"XAG-USD":{"accuracy":0.9896907216494846,"correct":96,"pct":99.0,"total":97},"XAU-USD":{"accuracy":0.9595959595959596,"correct":95,"pct":96.0,"total":99}},"signals":{"bb":{"accuracy":0.7112462006079028,"correct":234,"pct":71.1,"total":329},"calendar":{"accuracy":0.6576200417536534,"correct":1260,"pct":65.8,"total":1916},"candlestick":{"accuracy":0.44081632653061226,"correct":108,"pct":44.1,"total":245},"claude_fundamental":{"accuracy":0.0,"correct":0,"pct":0.0,"total":0},"econ_calendar":{"accuracy":0.0,"correct":0,"pct":0.0,"total":0},"ema":{"accuracy":0.3058720420683611,"correct":698,"pct":30.6,"total":2282},"fear_greed":{"accuracy":0.3628205128205128,"correct":566,"pct":36.3,"total":1560},"fibonacci":{"accuracy":0.5065234075211051,"correct":660,"pct":50.7,"total":1303},"forecast":{"accuracy":0.0,"correct":0,"pct":0.0,"total":0},"funding":{"accuracy":0.6923076923076923,"correct":72,"pct":69.2,"total":104},"futures_flow":{"accuracy":0.0,"correct":0,"pct":0.0,"total":0},"heikin_ashi":{"accuracy":0.44815465729349735,"correct":255,"pct":44.8,"total":569},"macd":{"accuracy":0.5694822888283378,"correct":209,"pct":56.9,"total":367},"macro_regime":{"accuracy":0.0,"correct":0,"pct":0.0,"total":0},"mean_reversion":{"accuracy":0.5092165898617511,"correct":663,"pct":50.9,"total":1302},"ministral":{"accuracy":0.5338674435542607,"correct":733,"pct":53.4,"total":1373},"ml":{"accuracy":0.41075794621026895,"correct":336,"pct":41.1,"total":818},"momentum":{"accuracy":0.76,"correct":38,"pct":76.0,"total":50},"momentum_factors":{"accuracy":0.6625074272133096,"correct":1115,"pct":66.3,"total":1683},"news_event":{"accuracy":0.0,"correct":0,"pct":0.0,"total":0},"oscillators":{"accuracy":0.4716981132075472,"correct":25,"pct":47.2,"total":53},"rsi":{"accuracy":0.6685606060606061,"correct":706,"pct":66.9,"total":1056},"sentiment":{"accuracy":0.4896640826873385,"correct":758,"pct":49.0,"total":1548},"smart_money":{"accuracy":0.5908726981585268,"correct":738,"pct":59.1,"total":1249},"structure":{"accuracy":0.5054869684499315,"correct":737,"pct":50.5,"total":1458},"trend":{"accuracy":0.45454545454545453,"correct":5,"pct":45.5,"total":11},"volatility_sig":{"accuracy":0.29411764705882354,"correct":5,"pct":29.4,"total":17},"volume":{"accuracy":0.4297872340425532,"correct":505,"pct":43.0,"total":1175},"volume_flow":{"accuracy":0.4874326750448833,"correct":543,"pct":48.7,"total":1114}}},"1d":{"consensus":{"accuracy":0.47854247945153594,"correct":12634,"pct":47.9,"total":26401},"per_ticker":{"AAPL":{"accuracy":0.49056603773584906,"correct":468,"pct":49.1,"total":954},"AI":{"accuracy":0.3317757009345794,"correct":71,"pct":33.2,"total":214},"AMD":{"accuracy":0.190625,"correct":122,"pct":19.1,"total":640},"AMZN":{"accuracy":0.36330608537693004,"correct":400,"pct":36.3,"total":1101},"AVGO":{"accuracy":0.5084033613445378,"correct":363,"pct":50.8,"total":714},"BABA":{"accuracy":0.3923705722070845,"correct":144,"pct":39.2,"total":367},"BTC-USD":{"accuracy":0.5427166564228642,"correct":883,"pct":54.3,"total":1627},"ETH-USD":{"accuracy":0.4666666666666667,"correct":742,"pct":46.7,"total":1590},"GOOGL":{"accuracy":0.2453748782862707,"correct":252,"pct":24.5,"total":1027},"GRRR":{"accuracy":0.17559153175591533,"correct":141,"pct":17.6,"total":803},"IONQ":{"accuracy":0.3968565815324165,"correct":202,"pct":39.7,"total":509},"LMT":{"accuracy":0.6262083780880774,"correct":583,"pct":62.6,"total":931},"META":{"accuracy":0.29557522123893804,"correct":334,"pct":29.6,"total":1130},"MRVL":{"accuracy":0.5394190871369294,"correct":390,"pct":53.9,"total":723},"MSTR":{"accuracy":0.4720496894409938,"correct":304,"pct":47.2,"total":644},"MU":{"accuracy":0.7640287769784173,"correct":531,"pct":76.4,"total":695},"NVDA":{"accuracy":0.6692573402417962,"correct":775,"pct":66.9,"total":1158},"PLTR":{"accuracy":0.5462962962962963,"correct":354,"pct":54.6,"total":648},"PONY":{"accuracy":0.45124282982791586,"correct":236,"pct":45.1,"total":523},"QQQ":{"accuracy":0.4550438596491228,"correct":415,"pct":45.5,"total":912},"RXRX":{"accuracy":0.24497041420118343,"correct":207,"pct":24.5,"total":845},"SMCI":{"accuracy":0.4914933837429111,"correct":520,"pct":49.1,"total":1058},"SOUN":{"accuracy":0.55049786628734,"correct":387,"pct":55.0,"total":703},"TEM":{"accuracy":0.47844827586206895,"correct":333,"pct":47.8,"total":696},"TSM":{"accuracy":0.5951156812339332,"correct":463,"pct":59.5,"total":778},"TTWO":{"accuracy":0.2984790874524715,"correct":157,"pct":29.8,"total":526},"UPST":{"accuracy":0.5991803278688524,"correct":731,"pct":59.9,"total":1220},"VERI":{"accuracy":0.7270408163265306,"correct":855,"pct":72.7,"total":1176},"VRT":{"accuracy":0.3360655737704918,"correct":410,"pct":33.6,"total":1220},"XAG-USD":{"accuracy":0.7021604938271605,"correct":455,"pct":70.2,"total":648},"XAU-USD":{"accuracy":0.6537842190016103,"correct":406,"pct":65.4,"total":621}},"signals":{"bb":{"accuracy":0.5316041299420801,"correct":2111,"pct":53.2,"total":3971},"calendar":{"accuracy":0.6416210295728368,"correct":2929,"pct":64.2,"total":4565},"candlestick":{"accuracy":0.4870251193689018,"correct":2346,"pct":48.7,"total":4817},"claude_fundamental":{"accuracy":0.0,"correct":0,"pct":0.0,"total":0},"econ_calendar":{"accuracy":0.0,"correct":0,"pct":0.0,"total":0},"ema":{"accuracy":0.5167156087644003,"correct":4575,"pct":51.7,"total":8854},"fear_greed":{"accuracy":0.4684159378036929,"correct":1928,"pct":46.8,"total":4116},"fibonacci":{"accuracy":0.4109406270847232,"correct":3696,"pct":41.1,"total":8994},"forecast":{"accuracy":0.0,"correct":0,"pct":0.0,"total":0},"funding":{"accuracy":0.297951582867784,"correct":160,"pct":29.8,"total":537},"futures_flow":{"accuracy":0.0,"correct":0,"pct":0.0,"total":0},"heikin_ashi":{"accuracy":0.49904345449576387,"correct":5478,"pct":49.9,"total":10977},"macd":{"accuracy":0.38461538461538464,"correct":1245,"pct":38.5,"total":3237},"macro_regime":{"accuracy":0.46994072819644367,"correct":3885,"pct":47.0,"total":8267},"mean_reversion":{"accuracy":0.48745580063983834,"correct":5790,"pct":48.7,"total":11878},"ministral":{"accuracy":0.6315626930203829,"correct":2045,"pct":63.2,"total":3238},"ml":{"accuracy":0.4175824175824176,"correct":722,"pct":41.8,"total":1729},"momentum":{"accuracy":0.3144963144963145,"correct":128,"pct":31.4,"total":407},"momentum_factors":{"accuracy":0.5837843574233259,"correct":5501,"pct":58.4,"total":9423},"news_event":{"accuracy":0.24258760107816713,"correct":90,"pct":24.3,"total":371},"oscillators":{"accuracy":0.45403899721448465,"correct":326,"pct":45.4,"total":718},"rsi":{"accuracy":0.49661804253932035,"correct":6094,"pct":49.7,"total":12271},