{"10d":{"consensus":{"accuracy":0.5766581381617791,"correct":2930,"pct":57.7,"total":5081},"per_ticker":{"AAPL":{"accuracy":0.8584905660377359,"correct":182,"pct":85.8,"total":212},"AMD":{"accuracy":0.24434389140271492,"correct":54,"pct":24.4,"total":221},"AMZN":{"accuracy":0.7831858407079646,"correct":177,"pct":78.3,"total":226},"AVGO":{"accuracy":0.01762114537444934,"correct":4,"pct":1.8,"total":227},"BTC-USD":{"accuracy":0.4370748299319728,"correct":257,"pct":43.7,"total":588},"ETH-USD":{"accuracy":0.5149911816578483,"correct":292,"pct":51.5,"total":567},"GOOGL":{"accuracy":0.8471615720524017,"correct":194,"pct":84.7,"total":229},"LMT":{"accuracy":0.4030612244897959,"correct":79,"pct":40.3,"total":196},"META":{"accuracy":0.8157894736842105,"correct":186,"pct":81.6,"total":228},"MSTR":{"accuracy":0.1125,"correct":9,"pct":11.2,"total":80},"MU":{"accuracy":0.031818181818181815,"correct":7,"pct":3.2,"total":220},"NVDA":{"accuracy":0.13043478260869565,"correct":42,"pct":13.0,"total":322},"PLTR":{"accuracy":0.711864406779661,"correct":168,"pct":71.2,"total":236},"SMCI":{"accuracy":0.537117903930131,"correct":123,"pct":53.7,"total":229},"SOUN":{"accuracy":0.9820627802690582,"correct":219,"pct":98.2,"total":223},"TSM":{"accuracy":0.8115942028985508,"correct":168,"pct":81.2,"total":207},"TTWO":{"accuracy":0.96,"correct":192,"pct":96.0,"total":200},"VRT":{"accuracy":0.90625,"correct":203,"pct":90.6,"total":224},"XAG-USD":{"accuracy":0.84,"correct":189,"pct":84.0,"total":225},"XAU-USD":{"accuracy":0.8378378378378378,"correct":186,"pct":83.8,"total":222}},"signals":{"bb":{"accuracy":0.6721311475409836,"correct":697,"pct":67.2,"total":1037},"calendar":{"accuracy":0.653972153972154,"correct":1597,"pct":65.4,"total":2442},"candlestick":{"accuracy":0.5568760611205433,"correct":328,"pct":55.7,"total":589},"claude_fundamental":{"accuracy":0.0,"correct":0,"pct":0.0,"total":0},"econ_calendar":{"accuracy":0.0,"correct":0,"pct":0.0,"total":0},"ema":{"accuracy":0.3316400580551524,"correct":914,"pct":33.2,"total":2756},"fear_greed":{"accuracy":0.4155982905982906,"correct":778,"pct":41.6,"total":1872},"fibonacci":{"accuracy":0.5050473186119874,"correct":1601,"pct":50.5,"total":3170},"forecast":{"accuracy":0.0,"correct":0,"pct":0.0,"total":0},"funding":{"accuracy":0.7710843373493976,"correct":128,"pct":77.1,"total":166},"futures_flow":{"accuracy":0.0,"correct":0,"pct":0.0,"total":0},"heikin_ashi":{"accuracy":0.4532739987285442,"correct":713,"pct":45.3,"total":1573},"macd":{"accuracy":0.5994020926756353,"correct":401,"pct":59.9,"total":669},"macro_regime":{"accuracy":0.3865546218487395,"correct":46,"pct":38.7,"total":119},"mean_reversion":{"accuracy":0.5176257909008738,"correct":1718,"pct":51.8,"total":3319},"ministral":{"accuracy":0.5003111387678905,"correct":804,"pct":50.0,"total":1607},"ml":{"accuracy":0.43003064351378956,"correct":421,"pct":43.0,"total":979},"momentum":{"accuracy":0.6056338028169014,"correct":129,"pct":60.6,"total":213},"momentum_factors":{"accuracy":0.595005149330587,"correct":2311,"pct":59.5,"total":3884},"news_event":{"accuracy":0.0,"correct":0,"pct":0.0,"total":0},"oscillators":{"accuracy":0.6692913385826772,"correct":85,"pct":66.9,"total":127},"rsi":{"accuracy":0.6656521739130434,"correct":1531,"pct":66.6,"total":2300},"sentiment":{"accuracy":0.4554794520547945,"correct":1330,"pct":45.5,"total":2920},"smart_money":{"accuracy":0.5158075601374571,"correct":1501,"pct":51.6,"total":2910},"structure":{"accuracy":0.5165692007797271,"correct":1855,"pct":51.7,"total":3591},"trend":{"accuracy":0.4711729622266402,"correct":237,"pct":47.1,"total":503},"volatility_sig":{"accuracy":0.38873994638069703,"correct":145,"pct":38.9,"total":373},"volume":{"accuracy":0.4367458154924095,"correct":1122,"pct":43.7,"total":2569},"volume_flow":{"accuracy":0.5029921259842519,"correct":1597,"pct":50.3,"total":3175}}},"1d":{"consensus":{"accuracy":0.4782723700120919,"correct":12657,"pct":47.8,"total":26464},"per_ticker":{"AAPL":{"accuracy":0.4911550468262227,"correct":472,"pct":49.1,"total":961},"AI":{"accuracy":0.3317757009345794,"correct":71,"pct":33.2,"total":214},"AMD":{"accuracy":0.190625,"correct":122,"pct":19.1,"total":640},"AMZN":{"accuracy":0.36330608537693004,"correct":400,"pct":36.3,"total":1101},"AVGO":{"accuracy":0.5084033613445378,"correct":363,"pct":50.8,"total":714},"BABA":{"accuracy":0.3923705722070845,"correct":144,"pct":39.2,"total":367},"BTC-USD":{"accuracy":0.5441176470588235,"correct":888,"pct":54.4,"total":1632},"ETH-USD":{"accuracy":0.4677115987460815,"correct":746,"pct":46.8,"total":1595},"GOOGL":{"accuracy":0.2453748782862707,"correct":252,"pct":24.5,"total":1027},"GRRR":{"accuracy":0.17559153175591533,"correct":141,"pct":17.6,"total":803},"IONQ":{"accuracy":0.3968565815324165,"correct":202,"pct":39.7,"total":509},"LMT":{"accuracy":0.6222222222222222,"correct":588,"pct":62.2,"total":945},"META":{"accuracy":0.29557522123893804,"correct":334,"pct":29.6,"total":1130},"MRVL":{"accuracy":0.5394190871369294,"correct":390,"pct":53.9,"total":723},"MSTR":{"accuracy":0.4720496894409938,"correct":304,"pct":47.2,"total":644},"MU":{"accuracy":0.7640287769784173,"correct":531,"pct":76.4,"total":695},"NVDA":{"accuracy":0.6692573402417962,"correct":775,"pct":66.9,"total":1158},"PLTR":{"accuracy":0.5462962962962963,"correct":354,"pct":54.6,"total":648},"PONY":{"accuracy":0.45124282982791586,"correct":236,"pct":45.1,"total":523},"QQQ":{"accuracy":0.4550438596491228,"correct":415,"pct":45.5,"total":912},"RXRX":{"accuracy":0.24497041420118343,"correct":207,"pct":24.5,"total":845},"SMCI":{"accuracy":0.4914933837429111,"correct":520,"pct":49.1,"total":1058},"SOUN":{"accuracy":0.5397489539748954,"correct":387,"pct":54.0,"total":717},"TEM":{"accuracy":0.47844827586206895,"correct":333,"pct":47.8,"total":696},"TSM":{"accuracy":0.5951156812339332,"correct":463,"pct":59.5,"total":778},"TTWO":{"accuracy":0.2984790874524715,"correct":157,"pct":29.8,"total":526},"UPST":{"accuracy":0.5991803278688524,"correct":731,"pct":59.9,"total":1220},"VERI":{"accuracy":0.7270408163265306,"correct":855,"pct":72.7,"total":1176},"VRT":{"accuracy":0.3327922077922078,"correct":410,"pct":33.3,"total":1232},"XAG-USD":{"accuracy":0.7019969278033794,"correct":457,"pct":70.2,"total":651},"XAU-USD":{"accuracy":0.655448717948718,"correct":409,"pct":65.5,"total":624}},"signals":{"bb":{"accuracy":0.5311401305876444,"correct":2115,"pct":53.1,"total":3982},"calendar":{"accuracy":0.6416210295728368,"correct":2929,"pct":64.2,"total":4565},"candlestick":{"accuracy":0.48785508439687114,"correct":2370,"pct":48.8,"total":4858},"claude_fundamental":{"accuracy":0.0,"correct":0,"pct":0.0,"total":0},"econ_calendar":{"accuracy":0.0,"correct":0,"pct":0.0,"total":0},"ema":{"accuracy":0.5155510480054091,"correct":4575,"pct":51.6,"total":8874},"fear_greed":{"accuracy":0.4671814671814672,"correct":1936,"pct":46.7,"total":4144},"fibonacci":{"accuracy":0.4109406270847232,"correct":3696,"pct":41.1,"total":8994},"forecast":{"accuracy":0.3227848101265823,"correct":51,"pct":32.3,"total":158},"funding":{"accuracy":0.297951582867784,"correct":160,"pct":29.8,"total":537},"futures_flow":{"accuracy":0.0,"correct":0,"pct":0.0,"total":0},"heikin_ashi":{"accuracy":0.4988653898520468,"correct":5496,"pct":49.9,"total":11017},"macd":{"accuracy":0.3848765432098765,"correct":1247,"pct":38.5,"total":3240},"macro_regime":{"accuracy":0.4691268692715871,"correct":3890,"pct":46.9,"total":8292},"mean_reversion":{"accuracy":0.48716870004206986,"correct":5790,"pct":48.7,"total":11885},"ministral":{"accuracy":0.6319508448540707,"correct":2057,"pct":63.2,"total":3255},"ml":{"accuracy":0.4175824175824176,"correct":722,"pct":41.8,"total":1729},"momentum":{"accuracy":0.3144963144963145,"correct":128,"pct":31.4,"total":407},"momentum_factors":{"accuracy":0.5834922653104472,"correct":5507,"pct":58.3,"total":9438},"news_event":{"accuracy":0.24331550802139038,"correct":91,"pct":24.3,"total":374},"oscillators":{"accuracy":0.45479833101529904,"correct":327,