{"10d":{"consensus":{"accuracy":0.5289494367304166,"correct":4038,"pct":52.9,"total":7634},"per_ticker":{"AAPL":{"accuracy":0.7269736842105263,"correct":221,"pct":72.7,"total":304},"AMD":{"accuracy":0.46153846153846156,"correct":144,"pct":46.2,"total":312},"AMZN":{"accuracy":0.6584158415841584,"correct":266,"pct":65.8,"total":404},"AVGO":{"accuracy":0.4219948849104859,"correct":165,"pct":42.2,"total":391},"BTC-USD":{"accuracy":0.43700787401574803,"correct":333,"pct":43.7,"total":762},"ETH-USD":{"accuracy":0.4738955823293173,"correct":354,"pct":47.4,"total":747},"GOOGL":{"accuracy":0.48743718592964824,"correct":194,"pct":48.7,"total":398},"LMT":{"accuracy":0.2958801498127341,"correct":79,"pct":29.6,"total":267},"META":{"accuracy":0.6893203883495146,"correct":284,"pct":68.9,"total":412},"MSTR":{"accuracy":0.1125,"correct":9,"pct":11.2,"total":80},"MU":{"accuracy":0.02702702702702703,"correct":7,"pct":2.7,"total":259},"NVDA":{"accuracy":0.26534653465346536,"correct":134,"pct":26.5,"total":505},"PLTR":{"accuracy":0.7893401015228426,"correct":311,"pct":78.9,"total":394},"SMCI":{"accuracy":0.3139240506329114,"correct":124,"pct":31.4,"total":395},"SOUN":{"accuracy":0.9555555555555556,"correct":301,"pct":95.6,"total":315},"TSM":{"accuracy":0.45528455284552843,"correct":168,"pct":45.5,"total":369},"TTWO":{"accuracy":0.7148148148148148,"correct":193,"pct":71.5,"total":270},"VRT":{"accuracy":0.6957605985037406,"correct":279,"pct":69.6,"total":401},"XAG-USD":{"accuracy":0.7476635514018691,"correct":240,"pct":74.8,"total":321},"XAU-USD":{"accuracy":0.7051671732522796,"correct":232,"pct":70.5,"total":329}},"signals":{"bb":{"accuracy":0.7658779576587795,"correct":1230,"pct":76.6,"total":1606},"calendar":{"accuracy":0.653972153972154,"correct":1597,"pct":65.4,"total":2442},"candlestick":{"accuracy":0.4359961501443696,"correct":453,"pct":43.6,"total":1039},"claude_fundamental":{"accuracy":0.0,"correct":0,"pct":0.0,"total":0},"econ_calendar":{"accuracy":0.0,"correct":0,"pct":0.0,"total":0},"ema":{"accuracy":0.33585313174946,"correct":933,"pct":33.6,"total":2778},"fear_greed":{"accuracy":0.4798206278026906,"correct":1070,"pct":48.0,"total":2230},"fibonacci":{"accuracy":0.4707259953161593,"correct":2010,"pct":47.1,"total":4270},"forecast":{"accuracy":0.0,"correct":0,"pct":0.0,"total":0},"funding":{"accuracy":0.7710843373493976,"correct":128,"pct":77.1,"total":166},"futures_flow":{"accuracy":0.0,"correct":0,"pct":0.0,"total":0},"heikin_ashi":{"accuracy":0.45530043966780653,"correct":932,"pct":45.5,"total":2047},"macd":{"accuracy":0.5864864864864865,"correct":434,"pct":58.6,"total":740},"macro_regime":{"accuracy":0.3217488789237668,"correct":574,"pct":32.2,"total":1784},"mean_reversion":{"accuracy":0.5919950990402287,"correct":2899,"pct":59.2,"total":4897},"ministral":{"accuracy":0.45016077170418006,"correct":840,"pct":45.0,"total":1866},"ml":{"accuracy":0.43316582914572865,"correct":431,"pct":43.3,"total":995},"momentum":{"accuracy":0.4671280276816609,"correct":135,"pct":46.7,"total":289},"momentum_factors":{"accuracy":0.5195431019096912,"correct":2911,"pct":52.0,"total":5603},"news_event":{"accuracy":0.0,"correct":0,"pct":0.0,"total":0},"oscillators":{"accuracy":0.6387096774193548,"correct":99,"pct":63.9,"total":155},"rsi":{"accuracy":0.63531799729364,"correct":1878,"pct":63.5,"total":2956},"sentiment":{"accuracy":0.42245540398740816,"correct":2013,"pct":42.2,"total":4765},"smart_money":{"accuracy":0.47560670502877156,"correct":1901,"pct":47.6,"total":3997},"structure":{"accuracy":0.47181266261925414,"correct":2176,"pct":47.2,"total":4612},"trend":{"accuracy":0.4267834793491865,"correct":341,"pct":42.7,"total":799},"volatility_sig":{"accuracy":0.38004750593824227,"correct":160,"pct":38.0,"total":421},"volume":{"accuracy":0.43700305810397555,"correct":1429,"pct":43.7,"total":3270},"volume_flow":{"accuracy":0.5074915418076366,"correct":3150,"pct":50.7,"total":6207}}},"1d":{"consensus":{"accuracy":0.47538822150600646,"correct":12980,"pct":47.5,"total":27304},"per_ticker":{"AAPL":{"accuracy":0.4797630799605133,"correct":486,"pct":48.0,"total":1013},"AI":{"accuracy":0.3317757009345794,"correct":71,"pct":33.2,"total":214},"AMD":{"accuracy":0.21688500727802038,"correct":149,"pct":21.7,"total":687},"AMZN":{"accuracy":0.36331569664902996,"correct":412,"pct":36.3,"total":1134},"AVGO":{"accuracy":0.504054054054054,"correct":373,"pct":50.4,"total":740},"BABA":{"accuracy":0.3923705722070845,"correct":144,"pct":39.2,"total":367},"BTC-USD":{"accuracy":0.5472370766488414,"correct":921,"pct":54.7,"total":1683},"ETH-USD":{"accuracy":0.4682151589242054,"correct":766,"pct":46.8,"total":1636},"GOOGL":{"accuracy":0.25258215962441316,"correct":269,"pct":25.3,"total":1065},"GRRR":{"accuracy":0.17559153175591533,"correct":141,"pct":17.6,"total":803},"IONQ":{"accuracy":0.3968565815324165,"correct":202,"pct":39.7,"total":509},"LMT":{"accuracy":0.5952380952380952,"correct":600,"pct":59.5,"total":1008},"META":{"accuracy":0.2945264986967854,"correct":339,"pct":29.5,"total":1151},"MRVL":{"accuracy":0.5394190871369294,"correct":390,"pct":53.9,"total":723},"MSTR":{"accuracy":0.4720496894409938,"correct":304,"pct":47.2,"total":644},"MU":{"accuracy":0.7170542635658915,"correct":555,"pct":71.7,"total":774},"NVDA":{"accuracy":0.6598812553011026,"correct":778,"pct":66.0,"total":1179},"PLTR":{"accuracy":0.5385714285714286,"correct":377,"pct":53.9,"total":700},"PONY":{"accuracy":0.45124282982791586,"correct":236,"pct":45.1,"total":523},"QQQ":{"accuracy":0.4550438596491228,"correct":415,"pct":45.5,"total":912},"RXRX":{"accuracy":0.24497041420118343,"correct":207,"pct":24.5,"total":845},"SMCI":{"accuracy":0.4914950760966876,"correct":549,"pct":49.1,"total":1117},"SOUN":{"accuracy":0.5210526315789473,"correct":396,"pct":52.1,"total":760},"TEM":{"accuracy":0.47844827586206895,"correct":333,"pct":47.8,"total":696},"TSM":{"accuracy":0.5841463414634146,"correct":479,"pct":58.4,"total":820},"TTWO":{"accuracy":0.2918149466192171,"correct":164,"pct":29.2,"total":562},"UPST":{"accuracy":0.5991803278688524,"correct":731,"pct":59.9,"total":1220},"VERI":{"accuracy":0.7270408163265306,"correct":855,"pct":72.7,"total":1176},"VRT":{"accuracy":0.3411764705882353,"correct":435,"pct":34.1,"total":1275},"XAG-USD":{"accuracy":0.6777939042089985,"correct":467,"pct":67.8,"total":689},"XAU-USD":{"accuracy":0.6421207658321061,"correct":436,"pct":64.2,"total":679}},"signals":{"bb":{"accuracy":0.5485810485810486,"correct":2281,"pct":54.9,"total":4158},"calendar":{"accuracy":0.6416210295728368,"correct":2929,"pct":64.2,"total":4565},"candlestick":{"accuracy":0.4989648033126294,"correct":2651,"pct":49.9,"total":5313},"claude_fundamental":{"accuracy":0.0,"correct":0,"pct":0.0,"total":0},"econ_calendar":{"accuracy":0.0,"correct":0,"pct":0.0,"total":0},"ema":{"accuracy":0.4913875092465392,"correct":4650,"pct":49.1,"total":9463},"fear_greed":{"accuracy":0.494967978042086,"correct":2164,"pct":49.5,"total":4372},"fibonacci":{"accuracy":0.4110989010989011,"correct":3741,"pct":41.1,"total":9100},"forecast":{"accuracy":0.5364850976361768,"correct":522,"pct":53.6,"total":973},"funding":{"accuracy":0.297951582867784,"correct":160,"pct":29.8,"total":537},"futures_flow":{"accuracy":0.0,"correct":0,"pct":0.0,"total":0},"heikin_ashi":{"accuracy":0.48841815207095496,"correct":5672,"pct":48.8,"total":11613},"macd":{"accuracy":0.3828102082722206,"correct":1305,"pct":38.3,"total":3409},"macro_regime":{"accuracy":0.4322312239982483,"correct":3948,"pct":43.2,"total":9134},"mean_reversion":{"accuracy":0.49027205276174773,"correct":5947,"pct":49.0,"total":12130},"ministral":{"accuracy":0.6019813519813519,"correct":2066,"pct":60.2,"total":3432},"ml":{"accuracy":0.4175824175824176,"correct":722,"pct":41.8,"total":1729},"momentum":{"accuracy":0.4143968871595331,"correct":213,"pct":41.4,"total":514},"momentum_factors":{"accuracy":0.5740434332988624,"correct":5551,"pct":57.4,"total":9670},"news_event":{"accuracy":0.2593167701863354,"correct":167,"pct":25.9,