{"10d":{"consensus":{"accuracy":0.575326447086338,"correct":2952,"pct":57.5,"total":5131},"per_ticker":{"AAPL":{"accuracy":0.8617511520737328,"correct":187,"pct":86.2,"total":217},"AMD":{"accuracy":0.2577777777777778,"correct":58,"pct":25.8,"total":225},"AMZN":{"accuracy":0.7695652173913043,"correct":177,"pct":77.0,"total":230},"AVGO":{"accuracy":0.017543859649122806,"correct":4,"pct":1.8,"total":228},"BTC-USD":{"accuracy":0.4391891891891892,"correct":260,"pct":43.9,"total":592},"ETH-USD":{"accuracy":0.5183887915936952,"correct":296,"pct":51.8,"total":571},"GOOGL":{"accuracy":0.8362068965517241,"correct":194,"pct":83.6,"total":232},"LMT":{"accuracy":0.4010152284263959,"correct":79,"pct":40.1,"total":197},"META":{"accuracy":0.7982832618025751,"correct":186,"pct":79.8,"total":233},"MSTR":{"accuracy":0.1125,"correct":9,"pct":11.2,"total":80},"MU":{"accuracy":0.03167420814479638,"correct":7,"pct":3.2,"total":221},"NVDA":{"accuracy":0.12883435582822086,"correct":42,"pct":12.9,"total":326},"PLTR":{"accuracy":0.711864406779661,"correct":168,"pct":71.2,"total":236},"SMCI":{"accuracy":0.5347826086956522,"correct":123,"pct":53.5,"total":230},"SOUN":{"accuracy":0.9736842105263158,"correct":222,"pct":97.4,"total":228},"TSM":{"accuracy":0.8076923076923077,"correct":168,"pct":80.8,"total":208},"TTWO":{"accuracy":0.9552238805970149,"correct":192,"pct":95.5,"total":201},"VRT":{"accuracy":0.8951965065502183,"correct":205,"pct":89.5,"total":229},"XAG-USD":{"accuracy":0.84,"correct":189,"pct":84.0,"total":225},"XAU-USD":{"accuracy":0.8378378378378378,"correct":186,"pct":83.8,"total":222}},"signals":{"bb":{"accuracy":0.6711538461538461,"correct":698,"pct":67.1,"total":1040},"calendar":{"accuracy":0.653972153972154,"correct":1597,"pct":65.4,"total":2442},"candlestick":{"accuracy":0.5551839464882943,"correct":332,"pct":55.5,"total":598},"claude_fundamental":{"accuracy":0.0,"correct":0,"pct":0.0,"total":0},"econ_calendar":{"accuracy":0.0,"correct":0,"pct":0.0,"total":0},"ema":{"accuracy":0.3316400580551524,"correct":914,"pct":33.2,"total":2756},"fear_greed":{"accuracy":0.41808510638297874,"correct":786,"pct":41.8,"total":1880},"fibonacci":{"accuracy":0.5051417887192272,"correct":1621,"pct":50.5,"total":3209},"forecast":{"accuracy":0.0,"correct":0,"pct":0.0,"total":0},"funding":{"accuracy":0.7710843373493976,"correct":128,"pct":77.1,"total":166},"futures_flow":{"accuracy":0.0,"correct":0,"pct":0.0,"total":0},"heikin_ashi":{"accuracy":0.45339251743817377,"correct":715,"pct":45.3,"total":1577},"macd":{"accuracy":0.5976154992548435,"correct":401,"pct":59.8,"total":671},"macro_regime":{"accuracy":0.3672316384180791,"correct":65,"pct":36.7,"total":177},"mean_reversion":{"accuracy":0.5169541939321832,"correct":1738,"pct":51.7,"total":3362},"ministral":{"accuracy":0.49906890130353815,"correct":804,"pct":49.9,"total":1611},"ml":{"accuracy":0.4306122448979592,"correct":422,"pct":43.1,"total":980},"momentum":{"accuracy":0.6056338028169014,"correct":129,"pct":60.6,"total":213},"momentum_factors":{"accuracy":0.5931261056355825,"correct":2347,"pct":59.3,"total":3957},"news_event":{"accuracy":0.0,"correct":0,"pct":0.0,"total":0},"oscillators":{"accuracy":0.6692913385826772,"correct":85,"pct":66.9,"total":127},"rsi":{"accuracy":0.6644993498049415,"correct":1533,"pct":66.4,"total":2307},"sentiment":{"accuracy":0.4530667570315147,"correct":1337,"pct":45.3,"total":2951},"smart_money":{"accuracy":0.5089255641630178,"correct":1511,"pct":50.9,"total":2969},"structure":{"accuracy":0.5140418502202643,"correct":1867,"pct":51.4,"total":3632},"trend":{"accuracy":0.47534516765285995,"correct":241,"pct":47.5,"total":507},"volatility_sig":{"accuracy":0.3877005347593583,"correct":145,"pct":38.8,"total":374},"volume":{"accuracy":0.43825009678668214,"correct":1132,"pct":43.8,"total":2583},"volume_flow":{"accuracy":0.5037037037037037,"correct":1632,"pct":50.4,"total":3240}}},"1d":{"consensus":{"accuracy":0.47811307927635305,"correct":12659,"pct":47.8,"total":26477},"per_ticker":{"AAPL":{"accuracy":0.490134994807892,"correct":472,"pct":49.0,"total":963},"AI":{"accuracy":0.3317757009345794,"correct":71,"pct":33.2,"total":214},"AMD":{"accuracy":0.190625,"correct":122,"pct":19.1,"total":640},"AMZN":{"accuracy":0.36330608537693004,"correct":400,"pct":36.3,"total":1101},"AVGO":{"accuracy":0.5084033613445378,"correct":363,"pct":50.8,"total":714},"BABA":{"accuracy":0.3923705722070845,"correct":144,"pct":39.2,"total":367},"BTC-USD":{"accuracy":0.5437844458052664,"correct":888,"pct":54.4,"total":1633},"ETH-USD":{"accuracy":0.46712586098935505,"correct":746,"pct":46.7,"total":1597},"GOOGL":{"accuracy":0.2453748782862707,"correct":252,"pct":24.5,"total":1027},"GRRR":{"accuracy":0.17559153175591533,"correct":141,"pct":17.6,"total":803},"IONQ":{"accuracy":0.3968565815324165,"correct":202,"pct":39.7,"total":509},"LMT":{"accuracy":0.6209081309398099,"correct":588,"pct":62.1,"total":947},"META":{"accuracy":0.29557522123893804,"correct":334,"pct":29.6,"total":1130},"MRVL":{"accuracy":0.5394190871369294,"correct":390,"pct":53.9,"total":723},"MSTR":{"accuracy":0.4720496894409938,"correct":304,"pct":47.2,"total":644},"MU":{"accuracy":0.7640287769784173,"correct":531,"pct":76.4,"total":695},"NVDA":{"accuracy":0.6692573402417962,"correct":775,"pct":66.9,"total":1158},"PLTR":{"accuracy":0.5462962962962963,"correct":354,"pct":54.6,"total":648},"PONY":{"accuracy":0.45124282982791586,"correct":236,"pct":45.1,"total":523},"QQQ":{"accuracy":0.4550438596491228,"correct":415,"pct":45.5,"total":912},"RXRX":{"accuracy":0.24497041420118343,"correct":207,"pct":24.5,"total":845},"SMCI":{"accuracy":0.4914933837429111,"correct":520,"pct":49.1,"total":1058},"SOUN":{"accuracy":0.5382475660639777,"correct":387,"pct":53.8,"total":719},"TEM":{"accuracy":0.47844827586206895,"correct":333,"pct":47.8,"total":696},"TSM":{"accuracy":0.5951156812339332,"correct":463,"pct":59.5,"total":778},"TTWO":{"accuracy":0.2984790874524715,"correct":157,"pct":29.8,"total":526},"UPST":{"accuracy":0.5991803278688524,"correct":731,"pct":59.9,"total":1220},"VERI":{"accuracy":0.7270408163265306,"correct":855,"pct":72.7,"total":1176},"VRT":{"accuracy":0.33225283630470015,"correct":410,"pct":33.2,"total":1234},"XAG-USD":{"accuracy":0.7024539877300614,"correct":458,"pct":70.2,"total":652},"XAU-USD":{"accuracy":0.656,"correct":410,"pct":65.6,"total":625}},"signals":{"bb":{"accuracy":0.5313755020080321,"correct":2117,"pct":53.1,"total":3984},"calendar":{"accuracy":0.6416210295728368,"correct":2929,"pct":64.2,"total":4565},"candlestick":{"accuracy":0.48827642945290006,"correct":2374,"pct":48.8,"total":4862},"claude_fundamental":{"accuracy":0.0,"correct":0,"pct":0.0,"total":0},"econ_calendar":{"accuracy":0.0,"correct":0,"pct":0.0,"total":0},"ema":{"accuracy":0.5153768164920581,"correct":4575,"pct":51.5,"total":8877},"fear_greed":{"accuracy":0.46769527483124396,"correct":1940,"pct":46.8,"total":4148},"fibonacci":{"accuracy":0.4109406270847232,"correct":3696,"pct":41.1,"total":8994},"forecast":{"accuracy":0.36065573770491804,"correct":66,"pct":36.1,"total":183},"funding":{"accuracy":0.297951582867784,"correct":160,"pct":29.8,"total":537},"futures_flow":{"accuracy":0.0,"correct":0,"pct":0.0,"total":0},"heikin_ashi":{"accuracy":0.49859435929990026,"correct":5498,"pct":49.9,"total":11027},"macd":{"accuracy":0.38463911165946946,"correct":1247,"pct":38.5,"total":3242},"macro_regime":{"accuracy":0.469085211522237,"correct":3892,"pct":46.9,"total":8297},"mean_reversion":{"accuracy":0.48721184586908967,"correct":5791,"pct":48.7,"total":11886},"ministral":{"accuracy":0.6311752071187481,"correct":2057,"pct":63.1,"total":3259},"ml":{"accuracy":0.4175824175824176,"correct":722,"pct":41.8,"total":1729},"momentum":{"accuracy":0.3161764705882353,"correct":129,"pct":31.6,"total":408},"momentum_factors":{"accuracy":0.5834568947256937,"correct":5509,"pct":58.3,"total":9442},"news_event":{"accuracy":0.24074074074074073,"correct":91,"pct":24.1,"total":378},