{"10d":{"consensus":{"accuracy":0.5758457620953074,"correct":1583,"pct":57.6,"total":2749},"per_ticker":{"AAPL":{"accuracy":0.9642857142857143,"correct":81,"pct":96.4,"total":84},"AMD":{"accuracy":0.05434782608695652,"correct":5,"pct":5.4,"total":92},"AMZN":{"accuracy":0.9896907216494846,"correct":96,"pct":99.0,"total":97},"AVGO":{"accuracy":0.0,"correct":0,"pct":0.0,"total":99},"BTC-USD":{"accuracy":0.4579646017699115,"correct":207,"pct":45.8,"total":452},"ETH-USD":{"accuracy":0.48148148148148145,"correct":208,"pct":48.1,"total":432},"GOOGL":{"accuracy":1.0,"correct":100,"pct":100.0,"total":100},"LMT":{"accuracy":0.0,"correct":0,"pct":0.0,"total":98},"META":{"accuracy":1.0,"correct":100,"pct":100.0,"total":100},"MSTR":{"accuracy":0.1125,"correct":9,"pct":11.2,"total":80},"MU":{"accuracy":0.06521739130434782,"correct":6,"pct":6.5,"total":92},"NVDA":{"accuracy":0.16580310880829016,"correct":32,"pct":16.6,"total":193},"PLTR":{"accuracy":0.5891472868217055,"correct":76,"pct":58.9,"total":129},"SMCI":{"accuracy":0.9900990099009901,"correct":100,"pct":99.0,"total":101},"SOUN":{"accuracy":0.9578947368421052,"correct":91,"pct":95.8,"total":95},"TSM":{"accuracy":0.7974683544303798,"correct":63,"pct":79.7,"total":79},"TTWO":{"accuracy":0.9896907216494846,"correct":96,"pct":99.0,"total":97},"VRT":{"accuracy":0.9583333333333334,"correct":92,"pct":95.8,"total":96},"XAG-USD":{"accuracy":0.9652173913043478,"correct":111,"pct":96.5,"total":115},"XAU-USD":{"accuracy":0.9322033898305084,"correct":110,"pct":93.2,"total":118}},"signals":{"bb":{"accuracy":0.7130177514792899,"correct":241,"pct":71.3,"total":338},"calendar":{"accuracy":0.6611528822055138,"correct":1319,"pct":66.1,"total":1995},"candlestick":{"accuracy":0.45703125,"correct":117,"pct":45.7,"total":256},"claude_fundamental":{"accuracy":0.0,"correct":0,"pct":0.0,"total":0},"econ_calendar":{"accuracy":0.0,"correct":0,"pct":0.0,"total":0},"ema":{"accuracy":0.3058720420683611,"correct":698,"pct":30.6,"total":2282},"fear_greed":{"accuracy":0.36585365853658536,"correct":585,"pct":36.6,"total":1599},"fibonacci":{"accuracy":0.5114054451802796,"correct":695,"pct":51.1,"total":1359},"forecast":{"accuracy":0.0,"correct":0,"pct":0.0,"total":0},"funding":{"accuracy":0.6923076923076923,"correct":72,"pct":69.2,"total":104},"futures_flow":{"accuracy":0.0,"correct":0,"pct":0.0,"total":0},"heikin_ashi":{"accuracy":0.45733788395904434,"correct":268,"pct":45.7,"total":586},"macd":{"accuracy":0.5679347826086957,"correct":209,"pct":56.8,"total":368},"macro_regime":{"accuracy":0.0,"correct":0,"pct":0.0,"total":0},"mean_reversion":{"accuracy":0.5111607142857143,"correct":687,"pct":51.1,"total":1344},"ministral":{"accuracy":0.5326633165829145,"correct":742,"pct":53.3,"total":1393},"ml":{"accuracy":0.4149577804583836,"correct":344,"pct":41.5,"total":829},"momentum":{"accuracy":0.76,"correct":38,"pct":76.0,"total":50},"momentum_factors":{"accuracy":0.6615120274914089,"correct":1155,"pct":66.2,"total":1746},"news_event":{"accuracy":0.0,"correct":0,"pct":0.0,"total":0},"oscillators":{"accuracy":0.46296296296296297,"correct":25,"pct":46.3,"total":54},"rsi":{"accuracy":0.6675977653631285,"correct":717,"pct":66.8,"total":1074},"sentiment":{"accuracy":0.4896640826873385,"correct":758,"pct":49.0,"total":1548},"smart_money":{"accuracy":0.5823665893271461,"correct":753,"pct":58.2,"total":1293},"structure":{"accuracy":0.5098684210526315,"correct":775,"pct":51.0,"total":1520},"trend":{"accuracy":0.45454545454545453,"correct":5,"pct":45.5,"total":11},"volatility_sig":{"accuracy":0.2916666666666667,"correct":7,"pct":29.2,"total":24},"volume":{"accuracy":0.4243943191311612,"correct":508,"pct":42.4,"total":1197},"volume_flow":{"accuracy":0.4744897959183674,"correct":558,"pct":47.4,"total":1176}}},"1d":{"consensus":{"accuracy":0.478369478823663,"correct":12639,"pct":47.8,"total":26421},"per_ticker":{"AAPL":{"accuracy":0.4905857740585774,"correct":469,"pct":49.1,"total":956},"AI":{"accuracy":0.3317757009345794,"correct":71,"pct":33.2,"total":214},"AMD":{"accuracy":0.190625,"correct":122,"pct":19.1,"total":640},"AMZN":{"accuracy":0.36330608537693004,"correct":400,"pct":36.3,"total":1101},"AVGO":{"accuracy":0.5084033613445378,"correct":363,"pct":50.8,"total":714},"BABA":{"accuracy":0.3923705722070845,"correct":144,"pct":39.2,"total":367},"BTC-USD":{"accuracy":0.542997542997543,"correct":884,"pct":54.3,"total":1628},"ETH-USD":{"accuracy":0.4663733500942803,"correct":742,"pct":46.6,"total":1591},"GOOGL":{"accuracy":0.2453748782862707,"correct":252,"pct":24.5,"total":1027},"GRRR":{"accuracy":0.17559153175591533,"correct":141,"pct":17.6,"total":803},"IONQ":{"accuracy":0.3968565815324165,"correct":202,"pct":39.7,"total":509},"LMT":{"accuracy":0.625,"correct":585,"pct":62.5,"total":936},"META":{"accuracy":0.29557522123893804,"correct":334,"pct":29.6,"total":1130},"MRVL":{"accuracy":0.5394190871369294,"correct":390,"pct":53.9,"total":723},"MSTR":{"accuracy":0.4720496894409938,"correct":304,"pct":47.2,"total":644},"MU":{"accuracy":0.7640287769784173,"correct":531,"pct":76.4,"total":695},"NVDA":{"accuracy":0.6692573402417962,"correct":775,"pct":66.9,"total":1158},"PLTR":{"accuracy":0.5462962962962963,"correct":354,"pct":54.6,"total":648},"PONY":{"accuracy":0.45124282982791586,"correct":236,"pct":45.1,"total":523},"QQQ":{"accuracy":0.4550438596491228,"correct":415,"pct":45.5,"total":912},"RXRX":{"accuracy":0.24497041420118343,"correct":207,"pct":24.5,"total":845},"SMCI":{"accuracy":0.4914933837429111,"correct":520,"pct":49.1,"total":1058},"SOUN":{"accuracy":0.5466101694915254,"correct":387,"pct":54.7,"total":708},"TEM":{"accuracy":0.47844827586206895,"correct":333,"pct":47.8,"total":696},"TSM":{"accuracy":0.5951156812339332,"correct":463,"pct":59.5,"total":778},"TTWO":{"accuracy":0.2984790874524715,"correct":157,"pct":29.8,"total":526},"UPST":{"accuracy":0.5991803278688524,"correct":731,"pct":59.9,"total":1220},"VERI":{"accuracy":0.7270408163265306,"correct":855,"pct":72.7,"total":1176},"VRT":{"accuracy":0.3346938775510204,"correct":410,"pct":33.5,"total":1225},"XAG-USD":{"accuracy":0.7026194144838213,"correct":456,"pct":70.3,"total":649},"XAU-USD":{"accuracy":0.6537842190016103,"correct":406,"pct":65.4,"total":621}},"signals":{"bb":{"accuracy":0.5320754716981132,"correct":2115,"pct":53.2,"total":3975},"calendar":{"accuracy":0.6416210295728368,"correct":2929,"pct":64.2,"total":4565},"candlestick":{"accuracy":0.4867549668874172,"correct":2352,"pct":48.7,"total":4832},"claude_fundamental":{"accuracy":0.0,"correct":0,"pct":0.0,"total":0},"econ_calendar":{"accuracy":0.0,"correct":0,"pct":0.0,"total":0},"ema":{"accuracy":0.5160744500846024,"correct":4575,"pct":51.6,"total":8865},"fear_greed":{"accuracy":0.46776539020843433,"correct":1930,"pct":46.8,"total":4126},"fibonacci":{"accuracy":0.4109406270847232,"correct":3696,"pct":41.1,"total":8994},"forecast":{"accuracy":0.21568627450980393,"correct":11,"pct":21.6,"total":51},"funding":{"accuracy":0.297951582867784,"correct":160,"pct":29.8,"total":537},"futures_flow":{"accuracy":0.0,"correct":0,"pct":0.0,"total":0},"heikin_ashi":{"accuracy":0.4988627058502411,"correct":5483,"pct":49.9,"total":10991},"macd":{"accuracy":0.38461538461538464,"correct":1245,"pct":38.5,"total":3237},"macro_regime":{"accuracy":0.4692028985507246,"correct":3885,"pct":46.9,"total":8280},"mean_reversion":{"accuracy":0.48745580063983834,"correct":5790,"pct":48.7,"total":11878},"ministral":{"accuracy":0.6319358816276203,"correct":2050,"pct":63.2,"total":3244},"ml":{"accuracy":0.4175824175824176,"correct":722,"pct":41.8,"total":1729},"momentum":{"accuracy":0.3144963144963145,"correct":128,"pct":31.4,"total":407},"momentum_factors":{"accuracy":0.583474756045821,"correct":5501,"pct":58.3,"total":9428},"news_event":{"accuracy":0.24258760107816713,"correct":90,"pct":24.3,"total":371},"oscillators":{"accuracy":0.45479833101529904,"correct":327,"pct":45.5,"total":719},"rsi":{"accuracy":0.497314453125,"correct":6111,"pct":49.7,"total":12288},