{"10d":{"consensus":{"accuracy":0.4977507994146659,"correct":9184,"pct":49.8,"total":18451},"per_ticker":{"AAPL":{"accuracy":0.7041965199590583,"correct":688,"pct":70.4,"total":977},"AMD":{"accuracy":0.3265625,"correct":209,"pct":32.7,"total":640},"AMZN":{"accuracy":0.6894353369763205,"correct":757,"pct":68.9,"total":1098},"AVGO":{"accuracy":0.5518207282913166,"correct":394,"pct":55.2,"total":714},"BTC-USD":{"accuracy":0.42244022072348253,"correct":689,"pct":42.2,"total":1631},"ETH-USD":{"accuracy":0.5439146800501882,"correct":867,"pct":54.4,"total":1594},"GOOGL":{"accuracy":0.2395326192794547,"correct":246,"pct":24.0,"total":1027},"LMT":{"accuracy":0.4556830031282586,"correct":437,"pct":45.6,"total":959},"META":{"accuracy":0.8343666961913198,"correct":942,"pct":83.4,"total":1129},"MSTR":{"accuracy":0.5317324185248714,"correct":310,"pct":53.2,"total":583},"MU":{"accuracy":0.20743919885550788,"correct":145,"pct":20.7,"total":699},"NVDA":{"accuracy":0.2452504317789292,"correct":284,"pct":24.5,"total":1158},"PLTR":{"accuracy":0.6934984520123839,"correct":448,"pct":69.3,"total":646},"SMCI":{"accuracy":0.571969696969697,"correct":604,"pct":57.2,"total":1056},"SOUN":{"accuracy":0.6225626740947076,"correct":447,"pct":62.3,"total":718},"TSM":{"accuracy":0.2467866323907455,"correct":192,"pct":24.7,"total":778},"TTWO":{"accuracy":0.6514285714285715,"correct":342,"pct":65.1,"total":525},"VRT":{"accuracy":0.3500810372771475,"correct":432,"pct":35.0,"total":1234},"XAG-USD":{"accuracy":0.49096385542168675,"correct":326,"pct":49.1,"total":664},"XAU-USD":{"accuracy":0.684887459807074,"correct":426,"pct":68.5,"total":622}},"signals":{"bb":{"accuracy":0.689873417721519,"correct":1962,"pct":69.0,"total":2844},"calendar":{"accuracy":0.6393388429752066,"correct":1934,"pct":63.9,"total":3025},"candlestick":{"accuracy":0.44025580612588355,"correct":1308,"pct":44.0,"total":2971},"claude_fundamental":{"accuracy":0.0,"correct":0,"pct":0.0,"total":0},"econ_calendar":{"accuracy":0.0,"correct":0,"pct":0.0,"total":0},"ema":{"accuracy":0.3234655614762187,"correct":1639,"pct":32.3,"total":5067},"fear_greed":{"accuracy":0.7113253012048193,"correct":2952,"pct":71.1,"total":4150},"fibonacci":{"accuracy":0.4732560152328198,"correct":2734,"pct":47.3,"total":5777},"forecast":{"accuracy":0.3882783882783883,"correct":106,"pct":38.8,"total":273},"funding":{"accuracy":0.9292364990689013,"correct":499,"pct":92.9,"total":537},"futures_flow":{"accuracy":0.0,"correct":0,"pct":0.0,"total":0},"heikin_ashi":{"accuracy":0.40593129361245306,"correct":3025,"pct":40.6,"total":7452},"macd":{"accuracy":0.6426858513189448,"correct":1340,"pct":64.3,"total":2085},"macro_regime":{"accuracy":0.28742283950617287,"correct":1490,"pct":28.7,"total":5184},"mean_reversion":{"accuracy":0.5553374233128834,"correct":4526,"pct":55.5,"total":8150},"ministral":{"accuracy":0.27336806619675147,"correct":892,"pct":27.3,"total":3263},"ml":{"accuracy":0.607308584686775,"correct":1047,"pct":60.7,"total":1724},"momentum":{"accuracy":0.4405144694533762,"correct":137,"pct":44.1,"total":311},"momentum_factors":{"accuracy":0.5050395410141107,"correct":3257,"pct":50.5,"total":6449},"news_event":{"accuracy":0.5221445221445221,"correct":224,"pct":52.2,"total":429},"oscillators":{"accuracy":0.5834932821497121,"correct":304,"pct":58.3,"total":521},"rsi":{"accuracy":0.4949550339986839,"correct":4513,"pct":49.5,"total":9118},"sentiment":{"accuracy":0.46955719557195574,"correct":6617,"pct":47.0,"total":14092},"smart_money":{"accuracy":0.5026595744680851,"correct":2268,"pct":50.3,"total":4512},"structure":{"accuracy":0.46924957682903895,"correct":2495,"pct":46.9,"total":5317},"trend":{"accuracy":0.4062847608453838,"correct":1461,"pct":40.6,"total":3596},"volatility_sig":{"accuracy":0.42052565707133915,"correct":336,"pct":42.1,"total":799},"volume":{"accuracy":0.45554817275747506,"correct":3428,"pct":45.6,"total":7525},"volume_flow":{"accuracy":0.4885046551396542,"correct":10284,"pct":48.9,"total":21052}}},"1d":{"consensus":{"accuracy":0.4840904608507002,"correct":14727,"pct":48.4,"total":30422},"per_ticker":{"AAPL":{"accuracy":0.4510822510822511,"correct":521,"pct":45.1,"total":1155},"AI":{"accuracy":0.3317757009345794,"correct":71,"pct":33.2,"total":214},"AMD":{"accuracy":0.2573099415204678,"correct":220,"pct":25.7,"total":855},"AMZN":{"accuracy":0.3929098966026588,"correct":532,"pct":39.3,"total":1354},"AVGO":{"accuracy":0.48471121177802945,"correct":428,"pct":48.5,"total":883},"BABA":{"accuracy":0.39714285714285713,"correct":139,"pct":39.7,"total":350},"BTC-USD":{"accuracy":0.5259674134419552,"correct":1033,"pct":52.6,"total":1964},"ETH-USD":{"accuracy":0.4602422327540811,"correct":874,"pct":46.0,"total":1899},"GOOGL":{"accuracy":0.31465848042977745,"correct":410,"pct":31.5,"total":1303},"GRRR":{"accuracy":0.17581047381546136,"correct":141,"pct":17.6,"total":802},"IONQ":{"accuracy":0.39763779527559057,"correct":202,"pct":39.8,"total":508},"LMT":{"accuracy":0.6211490424646128,"correct":746,"pct":62.1,"total":1201},"META":{"accuracy":0.3454404945904173,"correct":447,"pct":34.5,"total":1294},"MRVL":{"accuracy":0.4840989399293286,"correct":274,"pct":48.4,"total":566},"MSTR":{"accuracy":0.4087719298245614,"correct":233,"pct":40.9,"total":570},"MU":{"accuracy":0.6787190082644629,"correct":657,"pct":67.9,"total":968},"NVDA":{"accuracy":0.6394913986537023,"correct":855,"pct":63.9,"total":1337},"PLTR":{"accuracy":0.5342465753424658,"correct":429,"pct":53.4,"total":803},"PONY":{"accuracy":0.458252427184466,"correct":236,"pct":45.8,"total":515},"QQQ":{"accuracy":0.5581761006289309,"correct":355,"pct":55.8,"total":636},"RXRX":{"accuracy":0.2443653618030842,"correct":206,"pct":24.4,"total":843},"SMCI":{"accuracy":0.5372918175235337,"correct":742,"pct":53.7,"total":1381},"SOUN":{"accuracy":0.5261627906976745,"correct":543,"pct":52.6,"total":1032},"TEM":{"accuracy":0.4805194805194805,"correct":333,"pct":48.1,"total":693},"TSM":{"accuracy":0.5680705190989226,"correct":580,"pct":56.8,"total":1021},"TTWO":{"accuracy":0.42245989304812837,"correct":316,"pct":42.2,"total":748},"UPST":{"accuracy":0.5991803278688524,"correct":731,"pct":59.9,"total":1220},"VERI":{"accuracy":0.7317909168808912,"correct":854,"pct":73.2,"total":1167},"VRT":{"accuracy":0.38603425559947296,"correct":586,"pct":38.6,"total":1518},"XAG-USD":{"accuracy":0.6471277842907386,"correct":552,"pct":64.7,"total":853},"XAU-USD":{"accuracy":0.6254876462938882,"correct":481,"pct":62.5,"total":769}},"signals":{"bb":{"accuracy":0.543357199681782,"correct":2732,"pct":54.3,"total":5028},"calendar":{"accuracy":0.6468236339404709,"correct":2912,"pct":64.7,"total":4502},"candlestick":{"accuracy":0.4936140350877193,"correct":3517,"pct":49.4,"total":7125},"claude_fundamental":{"accuracy":0.0,"correct":0,"pct":0.0,"total":0},"econ_calendar":{"accuracy":0.6866267465069861,"correct":688,"pct":68.7,"total":1002},"ema":{"accuracy":0.48279867750871236,"correct":5403,"pct":48.3,"total":11191},"fear_greed":{"accuracy":0.5328300561797753,"correct":3035,"pct":53.3,"total":5696},"fibonacci":{"accuracy":0.410390441647109,"correct":3847,"pct":41.0,"total":9374},"forecast":{"accuracy":0.4979166666666667,"correct":2151,"pct":49.8,"total":4320},"funding":{"accuracy":0.29850746268656714,"correct":160,"pct":29.9,"total":536},"futures_flow":{"accuracy":0.3333333333333333,"correct":1,"pct":33.3,"total":3},"heikin_ashi":{"accuracy":0.48031170264119716,"correct":6965,"pct":48.0,"total":14501},"macd":{"accuracy":0.3844973138910207,"correct":1503,"pct":38.4,"total":3909},"macro_regime":{"accuracy":0.43587935761848806,"correct":5564,"pct":43.6,"total":12765},"mean_reversion":{"accuracy":0.5061352090660414,"correct":6476,"pct":50.6,"total":12795},"ministral":{"accuracy":0.5961203680676449,"correct":2397,"pct":59.6,"total":4021},"ml":{"accuracy":0.41715285880980163,"correct":715,"pct":41.7,"total":1714},"momentum":{"accuracy":0.4900314795383001,"correct":467,"pct":49.0,"total":953},