{"10d":{"consensus":{"accuracy":0.5346688620563483,"correct":5845,"pct":53.5,"total":10932},"per_ticker":{"AAPL":{"accuracy":0.8042704626334519,"correct":452,"pct":80.4,"total":562},"AMD":{"accuracy":0.46153846153846156,"correct":144,"pct":46.2,"total":312},"AMZN":{"accuracy":0.7792,"correct":487,"pct":77.9,"total":625},"AVGO":{"accuracy":0.5097613882863341,"correct":235,"pct":51.0,"total":461},"BTC-USD":{"accuracy":0.41962616822429905,"correct":449,"pct":42.0,"total":1070},"ETH-USD":{"accuracy":0.5305343511450382,"correct":556,"pct":53.1,"total":1048},"GOOGL":{"accuracy":0.29172932330827067,"correct":194,"pct":29.2,"total":665},"LMT":{"accuracy":0.6224899598393574,"correct":310,"pct":62.2,"total":498},"META":{"accuracy":0.820476858345021,"correct":585,"pct":82.0,"total":713},"MSTR":{"accuracy":0.1125,"correct":9,"pct":11.2,"total":80},"MU":{"accuracy":0.019337016574585635,"correct":7,"pct":1.9,"total":362},"NVDA":{"accuracy":0.25217391304347825,"correct":203,"pct":25.2,"total":805},"PLTR":{"accuracy":0.8207343412526998,"correct":380,"pct":82.1,"total":463},"SMCI":{"accuracy":0.47699386503067487,"correct":311,"pct":47.7,"total":652},"SOUN":{"accuracy":0.9555555555555556,"correct":301,"pct":95.6,"total":315},"TSM":{"accuracy":0.38443935926773454,"correct":168,"pct":38.4,"total":437},"TTWO":{"accuracy":0.7148148148148148,"correct":193,"pct":71.5,"total":270},"VRT":{"accuracy":0.3974358974358974,"correct":279,"pct":39.7,"total":702},"XAG-USD":{"accuracy":0.5592841163310962,"correct":250,"pct":55.9,"total":447},"XAU-USD":{"accuracy":0.7460674157303371,"correct":332,"pct":74.6,"total":445}},"signals":{"bb":{"accuracy":0.7472527472527473,"correct":1496,"pct":74.7,"total":2002},"calendar":{"accuracy":0.653972153972154,"correct":1597,"pct":65.4,"total":2442},"candlestick":{"accuracy":0.3729281767955801,"correct":540,"pct":37.3,"total":1448},"claude_fundamental":{"accuracy":0.0,"correct":0,"pct":0.0,"total":0},"econ_calendar":{"accuracy":0.0,"correct":0,"pct":0.0,"total":0},"ema":{"accuracy":0.3328831870357866,"correct":986,"pct":33.3,"total":2962},"fear_greed":{"accuracy":0.5915492957746479,"correct":1680,"pct":59.2,"total":2840},"fibonacci":{"accuracy":0.47082200376490274,"correct":2251,"pct":47.1,"total":4781},"forecast":{"accuracy":0.0,"correct":0,"pct":0.0,"total":0},"funding":{"accuracy":0.9170305676855895,"correct":420,"pct":91.7,"total":458},"futures_flow":{"accuracy":0.0,"correct":0,"pct":0.0,"total":0},"heikin_ashi":{"accuracy":0.4513422818791946,"correct":1614,"pct":45.1,"total":3576},"macd":{"accuracy":0.6841584158415842,"correct":691,"pct":68.4,"total":1010},"macro_regime":{"accuracy":0.3482417207237965,"correct":1020,"pct":34.8,"total":2929},"mean_reversion":{"accuracy":0.5608196721311476,"correct":3421,"pct":56.1,"total":6100},"ministral":{"accuracy":0.347914963205233,"correct":851,"pct":34.8,"total":2446},"ml":{"accuracy":0.5602365114560236,"correct":758,"pct":56.0,"total":1353},"momentum":{"accuracy":0.4671280276816609,"correct":135,"pct":46.7,"total":289},"momentum_factors":{"accuracy":0.5190945222049421,"correct":3004,"pct":51.9,"total":5787},"news_event":{"accuracy":0.0,"correct":0,"pct":0.0,"total":0},"oscillators":{"accuracy":0.6408163265306123,"correct":157,"pct":64.1,"total":245},"rsi":{"accuracy":0.5329077701959057,"correct":2421,"pct":53.3,"total":4543},"sentiment":{"accuracy":0.477119279819955,"correct":3816,"pct":47.7,"total":7998},"smart_money":{"accuracy":0.47521793275217933,"correct":1908,"pct":47.5,"total":4015},"structure":{"accuracy":0.46886446886446886,"correct":2176,"pct":46.9,"total":4641},"trend":{"accuracy":0.3949820788530466,"correct":551,"pct":39.5,"total":1395},"volatility_sig":{"accuracy":0.4065040650406504,"correct":200,"pct":40.7,"total":492},"volume":{"accuracy":0.41649578491683753,"correct":1828,"pct":41.6,"total":4389},"volume_flow":{"accuracy":0.5558268382007701,"correct":5919,"pct":55.6,"total":10649}}},"1d":{"consensus":{"accuracy":0.47614545454545454,"correct":13094,"pct":47.6,"total":27500},"per_ticker":{"AAPL":{"accuracy":0.4798029556650246,"correct":487,"pct":48.0,"total":1015},"AI":{"accuracy":0.3317757009345794,"correct":71,"pct":33.2,"total":214},"AMD":{"accuracy":0.22254335260115607,"correct":154,"pct":22.3,"total":692},"AMZN":{"accuracy":0.36387665198237884,"correct":413,"pct":36.4,"total":1135},"AVGO":{"accuracy":0.504054054054054,"correct":373,"pct":50.4,"total":740},"BABA":{"accuracy":0.3923705722070845,"correct":144,"pct":39.2,"total":367},"BTC-USD":{"accuracy":0.5439110070257611,"correct":929,"pct":54.4,"total":1708},"ETH-USD":{"accuracy":0.4646098003629764,"correct":768,"pct":46.5,"total":1653},"GOOGL":{"accuracy":0.26034958601655933,"correct":283,"pct":26.0,"total":1087},"GRRR":{"accuracy":0.17559153175591533,"correct":141,"pct":17.6,"total":803},"IONQ":{"accuracy":0.3968565815324165,"correct":202,"pct":39.7,"total":509},"LMT":{"accuracy":0.5886385896180215,"correct":601,"pct":58.9,"total":1021},"META":{"accuracy":0.2927038626609442,"correct":341,"pct":29.3,"total":1165},"MRVL":{"accuracy":0.5394190871369294,"correct":390,"pct":53.9,"total":723},"MSTR":{"accuracy":0.4720496894409938,"correct":304,"pct":47.2,"total":644},"MU":{"accuracy":0.714824120603015,"correct":569,"pct":71.5,"total":796},"NVDA":{"accuracy":0.6598812553011026,"correct":778,"pct":66.0,"total":1179},"PLTR":{"accuracy":0.5385714285714286,"correct":377,"pct":53.9,"total":700},"PONY":{"accuracy":0.45124282982791586,"correct":236,"pct":45.1,"total":523},"QQQ":{"accuracy":0.4550438596491228,"correct":415,"pct":45.5,"total":912},"RXRX":{"accuracy":0.24497041420118343,"correct":207,"pct":24.5,"total":845},"SMCI":{"accuracy":0.5013169446883231,"correct":571,"pct":50.1,"total":1139},"SOUN":{"accuracy":0.5210526315789473,"correct":396,"pct":52.1,"total":760},"TEM":{"accuracy":0.47844827586206895,"correct":333,"pct":47.8,"total":696},"TSM":{"accuracy":0.5841463414634146,"correct":479,"pct":58.4,"total":820},"TTWO":{"accuracy":0.30662020905923343,"correct":176,"pct":30.7,"total":574},"UPST":{"accuracy":0.5991803278688524,"correct":731,"pct":59.9,"total":1220},"VERI":{"accuracy":0.7270408163265306,"correct":855,"pct":72.7,"total":1176},"VRT":{"accuracy":0.35030864197530864,"correct":454,"pct":35.0,"total":1296},"XAG-USD":{"accuracy":0.676595744680851,"correct":477,"pct":67.7,"total":705},"XAU-USD":{"accuracy":0.6427525622254758,"correct":439,"pct":64.3,"total":683}},"signals":{"bb":{"accuracy":0.548088340061743,"correct":2308,"pct":54.8,"total":4211},"calendar":{"accuracy":0.6416210295728368,"correct":2929,"pct":64.2,"total":4565},"candlestick":{"accuracy":0.496,"correct":2728,"pct":49.6,"total":5500},"claude_fundamental":{"accuracy":0.0,"correct":0,"pct":0.0,"total":0},"econ_calendar":{"accuracy":0.0,"correct":0,"pct":0.0,"total":0},"ema":{"accuracy":0.4925623297716321,"correct":4702,"pct":49.3,"total":9546},"fear_greed":{"accuracy":0.5035971223021583,"correct":2240,"pct":50.4,"total":4448},"fibonacci":{"accuracy":0.4093541689432849,"correct":3746,"pct":40.9,"total":9151},"forecast":{"accuracy":0.5451388888888888,"correct":628,"pct":54.5,"total":1152},"funding":{"accuracy":0.297951582867784,"correct":160,"pct":29.8,"total":537},"futures_flow":{"accuracy":0.0,"correct":0,"pct":0.0,"total":1},"heikin_ashi":{"accuracy":0.48908444745303775,"correct":5780,"pct":48.9,"total":11818},"macd":{"accuracy":0.38412514484356897,"correct":1326,"pct":38.4,"total":3452},"macro_regime":{"accuracy":0.42829705505761845,"correct":4014,"pct":42.8,"total":9372},"mean_reversion":{"accuracy":0.49009127538853714,"correct":5960,"pct":49.0,"total":12161},"ministral":{"accuracy":0.5928899082568807,"correct":2068,"pct":59.3,"total":3488},"ml":{"accuracy":0.4175824175824176,"correct":722,"pct":41.8,"total":1729},"momentum":{"accuracy":0.42830882352941174,"correct":233,"pct":42.8,"total":544},"momentum_factors":{"accuracy":0.5746806757313556,"correct":5579,"pct":57.5,"total":9708},"news_event":{"accuracy":0.2589147286821705,"correct":167,"pct":25.9,"total":645},