{"10d":{"consensus":{"accuracy":0.4947664603263928,"correct":8792,"pct":49.5,"total":17770},"per_ticker":{"AAPL":{"accuracy":0.7009443861490031,"correct":668,"pct":70.1,"total":953},"AMD":{"accuracy":0.3265625,"correct":209,"pct":32.7,"total":640},"AMZN":{"accuracy":0.6894353369763205,"correct":757,"pct":68.9,"total":1098},"AVGO":{"accuracy":0.5518207282913166,"correct":394,"pct":55.2,"total":714},"BTC-USD":{"accuracy":0.42200124300807956,"correct":679,"pct":42.2,"total":1609},"ETH-USD":{"accuracy":0.5472415979708307,"correct":863,"pct":54.7,"total":1577},"GOOGL":{"accuracy":0.2395326192794547,"correct":246,"pct":24.0,"total":1027},"LMT":{"accuracy":0.4562162162162162,"correct":422,"pct":45.6,"total":925},"META":{"accuracy":0.8343666961913198,"correct":942,"pct":83.4,"total":1129},"MSTR":{"accuracy":0.1125,"correct":9,"pct":11.2,"total":80},"MU":{"accuracy":0.2017291066282421,"correct":140,"pct":20.2,"total":694},"NVDA":{"accuracy":0.2452504317789292,"correct":284,"pct":24.5,"total":1158},"PLTR":{"accuracy":0.6934984520123839,"correct":448,"pct":69.3,"total":646},"SMCI":{"accuracy":0.5741444866920152,"correct":604,"pct":57.4,"total":1052},"SOUN":{"accuracy":0.6138328530259366,"correct":426,"pct":61.4,"total":694},"TSM":{"accuracy":0.2467866323907455,"correct":192,"pct":24.7,"total":778},"TTWO":{"accuracy":0.6514285714285715,"correct":342,"pct":65.1,"total":525},"VRT":{"accuracy":0.3540983606557377,"correct":432,"pct":35.4,"total":1220},"XAG-USD":{"accuracy":0.4938080495356037,"correct":319,"pct":49.4,"total":646},"XAU-USD":{"accuracy":0.687603305785124,"correct":416,"pct":68.8,"total":605}},"signals":{"bb":{"accuracy":0.6960963152134257,"correct":1908,"pct":69.6,"total":2741},"calendar":{"accuracy":0.6279467031089853,"correct":1838,"pct":62.8,"total":2927},"candlestick":{"accuracy":0.4529012810851545,"correct":1202,"pct":45.3,"total":2654},"claude_fundamental":{"accuracy":0.0,"correct":0,"pct":0.0,"total":0},"econ_calendar":{"accuracy":0.0,"correct":0,"pct":0.0,"total":0},"ema":{"accuracy":0.3127133105802048,"correct":1466,"pct":31.3,"total":4688},"fear_greed":{"accuracy":0.706545721990684,"correct":2882,"pct":70.7,"total":4079},"fibonacci":{"accuracy":0.47684605757196497,"correct":2667,"pct":47.7,"total":5593},"forecast":{"accuracy":0.0,"correct":0,"pct":0.0,"total":0},"funding":{"accuracy":0.9292364990689013,"correct":499,"pct":92.9,"total":537},"futures_flow":{"accuracy":0.0,"correct":0,"pct":0.0,"total":0},"heikin_ashi":{"accuracy":0.3998873556744579,"correct":2840,"pct":40.0,"total":7102},"macd":{"accuracy":0.6459259259259259,"correct":1308,"pct":64.6,"total":2025},"macro_regime":{"accuracy":0.2890849405006155,"correct":1409,"pct":28.9,"total":4874},"mean_reversion":{"accuracy":0.5600762873490146,"correct":4405,"pct":56.0,"total":7865},"ministral":{"accuracy":0.2756150731859234,"correct":885,"pct":27.6,"total":3211},"ml":{"accuracy":0.607308584686775,"correct":1047,"pct":60.7,"total":1724},"momentum":{"accuracy":0.4576271186440678,"correct":135,"pct":45.8,"total":295},"momentum_factors":{"accuracy":0.49110608020698576,"correct":3037,"pct":49.1,"total":6184},"news_event":{"accuracy":0.5182072829131653,"correct":185,"pct":51.8,"total":357},"oscillators":{"accuracy":0.5836575875486382,"correct":300,"pct":58.4,"total":514},"rsi":{"accuracy":0.4879439363344815,"correct":4108,"pct":48.8,"total":8419},"sentiment":{"accuracy":0.4790463497704724,"correct":6470,"pct":47.9,"total":13506},"smart_money":{"accuracy":0.4781792585640544,"correct":2038,"pct":47.8,"total":4262},"structure":{"accuracy":0.452738257649581,"correct":2323,"pct":45.3,"total":5131},"trend":{"accuracy":0.3874926943308007,"correct":1326,"pct":38.7,"total":3422},"volatility_sig":{"accuracy":0.4246575342465753,"correct":310,"pct":42.5,"total":730},"volume":{"accuracy":0.4444444444444444,"correct":3124,"pct":44.4,"total":7029},"volume_flow":{"accuracy":0.5002844876635804,"correct":9672,"pct":50.0,"total":19333}}},"1d":{"consensus":{"accuracy":0.4842468114443295,"correct":14048,"pct":48.4,"total":29010},"per_ticker":{"AAPL":{"accuracy":0.4635036496350365,"correct":508,"pct":46.4,"total":1096},"AI":{"accuracy":0.3317757009345794,"correct":71,"pct":33.2,"total":214},"AMD":{"accuracy":0.25095541401273885,"correct":197,"pct":25.1,"total":785},"AMZN":{"accuracy":0.36958234830575254,"correct":469,"pct":37.0,"total":1269},"AVGO":{"accuracy":0.4890776699029126,"correct":403,"pct":48.9,"total":824},"BABA":{"accuracy":0.39714285714285713,"correct":139,"pct":39.7,"total":350},"BTC-USD":{"accuracy":0.5321637426900585,"correct":1001,"pct":53.2,"total":1881},"ETH-USD":{"accuracy":0.4630242825607064,"correct":839,"pct":46.3,"total":1812},"GOOGL":{"accuracy":0.3237232289950577,"correct":393,"pct":32.4,"total":1214},"GRRR":{"accuracy":0.17581047381546136,"correct":141,"pct":17.6,"total":802},"IONQ":{"accuracy":0.39763779527559057,"correct":202,"pct":39.8,"total":508},"LMT":{"accuracy":0.6288566243194192,"correct":693,"pct":62.9,"total":1102},"META":{"accuracy":0.34618539786710417,"correct":422,"pct":34.6,"total":1219},"MRVL":{"accuracy":0.4840989399293286,"correct":274,"pct":48.4,"total":566},"MSTR":{"accuracy":0.4087719298245614,"correct":233,"pct":40.9,"total":570},"MU":{"accuracy":0.7053571428571429,"correct":632,"pct":70.5,"total":896},"NVDA":{"accuracy":0.63828125,"correct":817,"pct":63.8,"total":1280},"PLTR":{"accuracy":0.5414012738853503,"correct":425,"pct":54.1,"total":785},"PONY":{"accuracy":0.458252427184466,"correct":236,"pct":45.8,"total":515},"QQQ":{"accuracy":0.5581761006289309,"correct":355,"pct":55.8,"total":636},"RXRX":{"accuracy":0.2443653618030842,"correct":206,"pct":24.4,"total":843},"SMCI":{"accuracy":0.5259541984732824,"correct":689,"pct":52.6,"total":1310},"SOUN":{"accuracy":0.5303197353914002,"correct":481,"pct":53.0,"total":907},"TEM":{"accuracy":0.4805194805194805,"correct":333,"pct":48.1,"total":693},"TSM":{"accuracy":0.5472901168969182,"correct":515,"pct":54.7,"total":941},"TTWO":{"accuracy":0.3891336270190896,"correct":265,"pct":38.9,"total":681},"UPST":{"accuracy":0.5991803278688524,"correct":731,"pct":59.9,"total":1220},"VERI":{"accuracy":0.7317909168808912,"correct":854,"pct":73.2,"total":1167},"VRT":{"accuracy":0.37230989956958394,"correct":519,"pct":37.2,"total":1394},"XAG-USD":{"accuracy":0.6708860759493671,"correct":530,"pct":67.1,"total":790},"XAU-USD":{"accuracy":0.6418918918918919,"correct":475,"pct":64.2,"total":740}},"signals":{"bb":{"accuracy":0.5443650126156434,"correct":2589,"pct":54.4,"total":4756},"calendar":{"accuracy":0.6471111111111111,"correct":2912,"pct":64.7,"total":4500},"candlestick":{"accuracy":0.4843070229956495,"correct":3117,"pct":48.4,"total":6436},"claude_fundamental":{"accuracy":0.0,"correct":0,"pct":0.0,"total":0},"econ_calendar":{"accuracy":1.0,"correct":68,"pct":100.0,"total":68},"ema":{"accuracy":0.48884096024006,"correct":5213,"pct":48.9,"total":10664},"fear_greed":{"accuracy":0.48294069861900896,"correct":2378,"pct":48.3,"total":4924},"fibonacci":{"accuracy":0.4085313174946004,"correct":3783,"pct":40.9,"total":9260},"forecast":{"accuracy":0.5077872465471642,"correct":1728,"pct":50.8,"total":3403},"funding":{"accuracy":0.29850746268656714,"correct":160,"pct":29.9,"total":536},"futures_flow":{"accuracy":0.3333333333333333,"correct":1,"pct":33.3,"total":3},"heikin_ashi":{"accuracy":0.4796627717793226,"correct":6486,"pct":48.0,"total":13522},"macd":{"accuracy":0.37789133942980097,"correct":1405,"pct":37.8,"total":3718},"macro_regime":{"accuracy":0.43568499456021426,"correct":5206,"pct":43.6,"total":11949},"mean_reversion":{"accuracy":0.5050896752302472,"correct":6252,"pct":50.5,"total":12378},"ministral":{"accuracy":0.6063394683026585,"correct":2372,"pct":60.6,"total":3912},"ml":{"accuracy":0.41715285880980163,"correct":715,"pct":41.7,"total":1714},"momentum":{"accuracy":0.4677033492822967,"correct":391,"pct":46.8,"total":836},"momentum_factors":{"accuracy":0.567618059159315,"correct":5469,"pct":56.8,"total":9635},