{"10d":{"consensus":{"accuracy":0.5408261287223823,"correct":3378,"pct":54.1,"total":6246},"per_ticker":{"AAPL":{"accuracy":0.7692307692307693,"correct":220,"pct":76.9,"total":286},"AMD":{"accuracy":0.42857142857142855,"correct":126,"pct":42.9,"total":294},"AMZN":{"accuracy":0.5953177257525084,"correct":178,"pct":59.5,"total":299},"AVGO":{"accuracy":0.19572953736654805,"correct":55,"pct":19.6,"total":281},"BTC-USD":{"accuracy":0.44780635400907715,"correct":296,"pct":44.8,"total":661},"ETH-USD":{"accuracy":0.521875,"correct":334,"pct":52.2,"total":640},"GOOGL":{"accuracy":0.6531986531986532,"correct":194,"pct":65.3,"total":297},"LMT":{"accuracy":0.3185483870967742,"correct":79,"pct":31.9,"total":248},"META":{"accuracy":0.6324503311258278,"correct":191,"pct":63.2,"total":302},"MSTR":{"accuracy":0.1125,"correct":9,"pct":11.2,"total":80},"MU":{"accuracy":0.02702702702702703,"correct":7,"pct":2.7,"total":259},"NVDA":{"accuracy":0.10632911392405063,"correct":42,"pct":10.6,"total":395},"PLTR":{"accuracy":0.7077464788732394,"correct":201,"pct":70.8,"total":284},"SMCI":{"accuracy":0.43309859154929575,"correct":123,"pct":43.3,"total":284},"SOUN":{"accuracy":0.9528619528619529,"correct":283,"pct":95.3,"total":297},"TSM":{"accuracy":0.6511627906976745,"correct":168,"pct":65.1,"total":258},"TTWO":{"accuracy":0.7689243027888446,"correct":193,"pct":76.9,"total":251},"VRT":{"accuracy":0.8934707903780069,"correct":260,"pct":89.3,"total":291},"XAG-USD":{"accuracy":0.7620817843866171,"correct":205,"pct":76.2,"total":269},"XAU-USD":{"accuracy":0.7933579335793358,"correct":215,"pct":79.3,"total":271}},"signals":{"bb":{"accuracy":0.7133388566694283,"correct":861,"pct":71.3,"total":1207},"calendar":{"accuracy":0.653972153972154,"correct":1597,"pct":65.4,"total":2442},"candlestick":{"accuracy":0.5413929040735874,"correct":412,"pct":54.1,"total":761},"claude_fundamental":{"accuracy":0.0,"correct":0,"pct":0.0,"total":0},"econ_calendar":{"accuracy":0.0,"correct":0,"pct":0.0,"total":0},"ema":{"accuracy":0.3362162162162162,"correct":933,"pct":33.6,"total":2775},"fear_greed":{"accuracy":0.4271555996035679,"correct":862,"pct":42.7,"total":2018},"fibonacci":{"accuracy":0.4798807749627422,"correct":1932,"pct":48.0,"total":4026},"forecast":{"accuracy":0.0,"correct":0,"pct":0.0,"total":0},"funding":{"accuracy":0.7710843373493976,"correct":128,"pct":77.1,"total":166},"futures_flow":{"accuracy":0.0,"correct":0,"pct":0.0,"total":0},"heikin_ashi":{"accuracy":0.43859649122807015,"correct":775,"pct":43.9,"total":1767},"macd":{"accuracy":0.5920114122681883,"correct":415,"pct":59.2,"total":701},"macro_regime":{"accuracy":0.3051890941072999,"correct":347,"pct":30.5,"total":1137},"mean_reversion":{"accuracy":0.5654128223326236,"correct":2390,"pct":56.5,"total":4227},"ministral":{"accuracy":0.4940546967895363,"correct":831,"pct":49.4,"total":1682},"ml":{"accuracy":0.4303030303030303,"correct":426,"pct":43.0,"total":990},"momentum":{"accuracy":0.5,"correct":135,"pct":50.0,"total":270},"momentum_factors":{"accuracy":0.5299227799227799,"correct":2745,"pct":53.0,"total":5180},"news_event":{"accuracy":0.0,"correct":0,"pct":0.0,"total":0},"oscillators":{"accuracy":0.6382978723404256,"correct":90,"pct":63.8,"total":141},"rsi":{"accuracy":0.6502753737214791,"correct":1653,"pct":65.0,"total":2542},"sentiment":{"accuracy":0.40621562156215624,"correct":1477,"pct":40.6,"total":3636},"smart_money":{"accuracy":0.47896698615548455,"correct":1799,"pct":47.9,"total":3756},"structure":{"accuracy":0.47647327546825036,"correct":2086,"pct":47.6,"total":4378},"trend":{"accuracy":0.48792270531400966,"correct":303,"pct":48.8,"total":621},"volatility_sig":{"accuracy":0.3815789473684211,"correct":145,"pct":38.2,"total":380},"volume":{"accuracy":0.4398016997167139,"correct":1242,"pct":44.0,"total":2824},"volume_flow":{"accuracy":0.49453551912568305,"correct":2172,"pct":49.5,"total":4392}}},"1d":{"consensus":{"accuracy":0.47811307927635305,"correct":12659,"pct":47.8,"total":26477},"per_ticker":{"AAPL":{"accuracy":0.490134994807892,"correct":472,"pct":49.0,"total":963},"AI":{"accuracy":0.3317757009345794,"correct":71,"pct":33.2,"total":214},"AMD":{"accuracy":0.190625,"correct":122,"pct":19.1,"total":640},"AMZN":{"accuracy":0.36330608537693004,"correct":400,"pct":36.3,"total":1101},"AVGO":{"accuracy":0.5084033613445378,"correct":363,"pct":50.8,"total":714},"BABA":{"accuracy":0.3923705722070845,"correct":144,"pct":39.2,"total":367},"BTC-USD":{"accuracy":0.5437844458052664,"correct":888,"pct":54.4,"total":1633},"ETH-USD":{"accuracy":0.46712586098935505,"correct":746,"pct":46.7,"total":1597},"GOOGL":{"accuracy":0.2453748782862707,"correct":252,"pct":24.5,"total":1027},"GRRR":{"accuracy":0.17559153175591533,"correct":141,"pct":17.6,"total":803},"IONQ":{"accuracy":0.3968565815324165,"correct":202,"pct":39.7,"total":509},"LMT":{"accuracy":0.6209081309398099,"correct":588,"pct":62.1,"total":947},"META":{"accuracy":0.29557522123893804,"correct":334,"pct":29.6,"total":1130},"MRVL":{"accuracy":0.5394190871369294,"correct":390,"pct":53.9,"total":723},"MSTR":{"accuracy":0.4720496894409938,"correct":304,"pct":47.2,"total":644},"MU":{"accuracy":0.7640287769784173,"correct":531,"pct":76.4,"total":695},"NVDA":{"accuracy":0.6692573402417962,"correct":775,"pct":66.9,"total":1158},"PLTR":{"accuracy":0.5462962962962963,"correct":354,"pct":54.6,"total":648},"PONY":{"accuracy":0.45124282982791586,"correct":236,"pct":45.1,"total":523},"QQQ":{"accuracy":0.4550438596491228,"correct":415,"pct":45.5,"total":912},"RXRX":{"accuracy":0.24497041420118343,"correct":207,"pct":24.5,"total":845},"SMCI":{"accuracy":0.4914933837429111,"correct":520,"pct":49.1,"total":1058},"SOUN":{"accuracy":0.5382475660639777,"correct":387,"pct":53.8,"total":719},"TEM":{"accuracy":0.47844827586206895,"correct":333,"pct":47.8,"total":696},"TSM":{"accuracy":0.5951156812339332,"correct":463,"pct":59.5,"total":778},"TTWO":{"accuracy":0.2984790874524715,"correct":157,"pct":29.8,"total":526},"UPST":{"accuracy":0.5991803278688524,"correct":731,"pct":59.9,"total":1220},"VERI":{"accuracy":0.7270408163265306,"correct":855,"pct":72.7,"total":1176},"VRT":{"accuracy":0.33225283630470015,"correct":410,"pct":33.2,"total":1234},"XAG-USD":{"accuracy":0.7024539877300614,"correct":458,"pct":70.2,"total":652},"XAU-USD":{"accuracy":0.656,"correct":410,"pct":65.6,"total":625}},"signals":{"bb":{"accuracy":0.5313755020080321,"correct":2117,"pct":53.1,"total":3984},"calendar":{"accuracy":0.6416210295728368,"correct":2929,"pct":64.2,"total":4565},"candlestick":{"accuracy":0.48827642945290006,"correct":2374,"pct":48.8,"total":4862},"claude_fundamental":{"accuracy":0.0,"correct":0,"pct":0.0,"total":0},"econ_calendar":{"accuracy":0.0,"correct":0,"pct":0.0,"total":0},"ema":{"accuracy":0.5153768164920581,"correct":4575,"pct":51.5,"total":8877},"fear_greed":{"accuracy":0.46769527483124396,"correct":1940,"pct":46.8,"total":4148},"fibonacci":{"accuracy":0.4109406270847232,"correct":3696,"pct":41.1,"total":8994},"forecast":{"accuracy":0.36065573770491804,"correct":66,"pct":36.1,"total":183},"funding":{"accuracy":0.297951582867784,"correct":160,"pct":29.8,"total":537},"futures_flow":{"accuracy":0.0,"correct":0,"pct":0.0,"total":0},"heikin_ashi":{"accuracy":0.49859435929990026,"correct":5498,"pct":49.9,"total":11027},"macd":{"accuracy":0.38463911165946946,"correct":1247,"pct":38.5,"total":3242},"macro_regime":{"accuracy":0.469085211522237,"correct":3892,"pct":46.9,"total":8297},"mean_reversion":{"accuracy":0.48721184586908967,"correct":5791,"pct":48.7,"total":11886},"ministral":{"accuracy":0.6311752071187481,"correct":2057,"pct":63.1,"total":3259},"ml":{"accuracy":0.4175824175824176,"correct":722,"pct":41.8,"total":1729},"momentum":{"accuracy":0.3161764705882353,"correct":129,"pct":31.6,"total":408},"momentum_factors":{"accuracy":0.5834568947256937,"correct":5509,"pct":58.3,"total":9442},"news_event":{"accuracy":0.24074074074074073,"correct":91,"pct":24.1,"total":378},