{"10d":{"consensus":{"accuracy":0.5345622119815668,"correct":3712,"pct":53.5,"total":6944},"per_ticker":{"AAPL":{"accuracy":0.7269736842105263,"correct":221,"pct":72.7,"total":304},"AMD":{"accuracy":0.46153846153846156,"correct":144,"pct":46.2,"total":312},"AMZN":{"accuracy":0.6045845272206304,"correct":211,"pct":60.5,"total":349},"AVGO":{"accuracy":0.31722054380664655,"correct":105,"pct":31.7,"total":331},"BTC-USD":{"accuracy":0.4450704225352113,"correct":316,"pct":44.5,"total":710},"ETH-USD":{"accuracy":0.5130434782608696,"correct":354,"pct":51.3,"total":690},"GOOGL":{"accuracy":0.565597667638484,"correct":194,"pct":56.6,"total":343},"LMT":{"accuracy":0.2958801498127341,"correct":79,"pct":29.6,"total":267},"META":{"accuracy":0.6363636363636364,"correct":224,"pct":63.6,"total":352},"MSTR":{"accuracy":0.1125,"correct":9,"pct":11.2,"total":80},"MU":{"accuracy":0.02702702702702703,"correct":7,"pct":2.7,"total":259},"NVDA":{"accuracy":0.1662921348314607,"correct":74,"pct":16.6,"total":445},"PLTR":{"accuracy":0.7514970059880239,"correct":251,"pct":75.1,"total":334},"SMCI":{"accuracy":0.3712574850299401,"correct":124,"pct":37.1,"total":334},"SOUN":{"accuracy":0.9555555555555556,"correct":301,"pct":95.6,"total":315},"TSM":{"accuracy":0.5454545454545454,"correct":168,"pct":54.5,"total":308},"TTWO":{"accuracy":0.7148148148148148,"correct":193,"pct":71.5,"total":270},"VRT":{"accuracy":0.8181818181818182,"correct":279,"pct":81.8,"total":341},"XAG-USD":{"accuracy":0.7725752508361204,"correct":231,"pct":77.3,"total":299},"XAU-USD":{"accuracy":0.7541528239202658,"correct":227,"pct":75.4,"total":301}},"signals":{"bb":{"accuracy":0.7438848920863309,"correct":1034,"pct":74.4,"total":1390},"calendar":{"accuracy":0.653972153972154,"correct":1597,"pct":65.4,"total":2442},"candlestick":{"accuracy":0.4966442953020134,"correct":444,"pct":49.7,"total":894},"claude_fundamental":{"accuracy":0.0,"correct":0,"pct":0.0,"total":0},"econ_calendar":{"accuracy":0.0,"correct":0,"pct":0.0,"total":0},"ema":{"accuracy":0.3362162162162162,"correct":933,"pct":33.6,"total":2775},"fear_greed":{"accuracy":0.4523135033050047,"correct":958,"pct":45.2,"total":2118},"fibonacci":{"accuracy":0.4718045112781955,"correct":2008,"pct":47.2,"total":4256},"forecast":{"accuracy":0.0,"correct":0,"pct":0.0,"total":0},"funding":{"accuracy":0.7710843373493976,"correct":128,"pct":77.1,"total":166},"futures_flow":{"accuracy":0.0,"correct":0,"pct":0.0,"total":0},"heikin_ashi":{"accuracy":0.44362486828240255,"correct":842,"pct":44.4,"total":1898},"macd":{"accuracy":0.5908460471567267,"correct":426,"pct":59.1,"total":721},"macro_regime":{"accuracy":0.3058668424522083,"correct":464,"pct":30.6,"total":1517},"mean_reversion":{"accuracy":0.584055459272097,"correct":2696,"pct":58.4,"total":4616},"ministral":{"accuracy":0.47374364765669114,"correct":839,"pct":47.4,"total":1771},"ml":{"accuracy":0.4314516129032258,"correct":428,"pct":43.1,"total":992},"momentum":{"accuracy":0.4671280276816609,"correct":135,"pct":46.7,"total":289},"momentum_factors":{"accuracy":0.5149159284035436,"correct":2848,"pct":51.5,"total":5531},"news_event":{"accuracy":0.0,"correct":0,"pct":0.0,"total":0},"oscillators":{"accuracy":0.631578947368421,"correct":96,"pct":63.2,"total":152},"rsi":{"accuracy":0.6459016393442623,"correct":1773,"pct":64.6,"total":2745},"sentiment":{"accuracy":0.3993231810490694,"correct":1652,"pct":39.9,"total":4137},"smart_money":{"accuracy":0.4778783308195073,"correct":1901,"pct":47.8,"total":3978},"structure":{"accuracy":0.47319093286835223,"correct":2171,"pct":47.3,"total":4588},"trend":{"accuracy":0.4635958395245171,"correct":312,"pct":46.4,"total":673},"volatility_sig":{"accuracy":0.3799019607843137,"correct":155,"pct":38.0,"total":408},"volume":{"accuracy":0.44305464121132326,"correct":1346,"pct":44.3,"total":3038},"volume_flow":{"accuracy":0.5040214477211796,"correct":2632,"pct":50.4,"total":5222}}},"1d":{"consensus":{"accuracy":0.4753565358752679,"correct":12866,"pct":47.5,"total":27066},"per_ticker":{"AAPL":{"accuracy":0.48403193612774453,"correct":485,"pct":48.4,"total":1002},"AI":{"accuracy":0.3317757009345794,"correct":71,"pct":33.2,"total":214},"AMD":{"accuracy":0.20478325859491778,"correct":137,"pct":20.5,"total":669},"AMZN":{"accuracy":0.36049601417183347,"correct":407,"pct":36.0,"total":1129},"AVGO":{"accuracy":0.504054054054054,"correct":373,"pct":50.4,"total":740},"BABA":{"accuracy":0.3923705722070845,"correct":144,"pct":39.2,"total":367},"BTC-USD":{"accuracy":0.5448028673835126,"correct":912,"pct":54.5,"total":1674},"ETH-USD":{"accuracy":0.4675642594859241,"correct":764,"pct":46.8,"total":1634},"GOOGL":{"accuracy":0.25,"correct":264,"pct":25.0,"total":1056},"GRRR":{"accuracy":0.17559153175591533,"correct":141,"pct":17.6,"total":803},"IONQ":{"accuracy":0.3968565815324165,"correct":202,"pct":39.7,"total":509},"LMT":{"accuracy":0.60262891809909,"correct":596,"pct":60.3,"total":989},"META":{"accuracy":0.2925764192139738,"correct":335,"pct":29.3,"total":1145},"MRVL":{"accuracy":0.5394190871369294,"correct":390,"pct":53.9,"total":723},"MSTR":{"accuracy":0.4720496894409938,"correct":304,"pct":47.2,"total":644},"MU":{"accuracy":0.747599451303155,"correct":545,"pct":74.8,"total":729},"NVDA":{"accuracy":0.6598812553011026,"correct":778,"pct":66.0,"total":1179},"PLTR":{"accuracy":0.5299401197604791,"correct":354,"pct":53.0,"total":668},"PONY":{"accuracy":0.45124282982791586,"correct":236,"pct":45.1,"total":523},"QQQ":{"accuracy":0.4550438596491228,"correct":415,"pct":45.5,"total":912},"RXRX":{"accuracy":0.24497041420118343,"correct":207,"pct":24.5,"total":845},"SMCI":{"accuracy":0.4876712328767123,"correct":534,"pct":48.8,"total":1095},"SOUN":{"accuracy":0.5266666666666666,"correct":395,"pct":52.7,"total":750},"TEM":{"accuracy":0.47844827586206895,"correct":333,"pct":47.8,"total":696},"TSM":{"accuracy":0.5885997521685254,"correct":475,"pct":58.9,"total":807},"TTWO":{"accuracy":0.29236499068901306,"correct":157,"pct":29.2,"total":537},"UPST":{"accuracy":0.5991803278688524,"correct":731,"pct":59.9,"total":1220},"VERI":{"accuracy":0.7270408163265306,"correct":855,"pct":72.7,"total":1176},"VRT":{"accuracy":0.3359683794466403,"correct":425,"pct":33.6,"total":1265},"XAG-USD":{"accuracy":0.6777939042089985,"correct":467,"pct":67.8,"total":689},"XAU-USD":{"accuracy":0.6410635155096012,"correct":434,"pct":64.1,"total":677}},"signals":{"bb":{"accuracy":0.5474927675988428,"correct":2271,"pct":54.7,"total":4148},"calendar":{"accuracy":0.6416210295728368,"correct":2929,"pct":64.2,"total":4565},"candlestick":{"accuracy":0.5,"correct":2559,"pct":50.0,"total":5118},"claude_fundamental":{"accuracy":0.0,"correct":0,"pct":0.0,"total":0},"econ_calendar":{"accuracy":0.0,"correct":0,"pct":0.0,"total":0},"ema":{"accuracy":0.49536637931034483,"correct":4597,"pct":49.5,"total":9280},"fear_greed":{"accuracy":0.4821763602251407,"correct":2056,"pct":48.2,"total":4264},"fibonacci":{"accuracy":0.4117972554227534,"correct":3721,"pct":41.2,"total":9036},"forecast":{"accuracy":0.5594405594405595,"correct":400,"pct":55.9,"total":715},"funding":{"accuracy":0.297951582867784,"correct":160,"pct":29.8,"total":537},"futures_flow":{"accuracy":0.0,"correct":0,"pct":0.0,"total":0},"heikin_ashi":{"accuracy":0.49128521126760566,"correct":5581,"pct":49.1,"total":11360},"macd":{"accuracy":0.3818722139673105,"correct":1285,"pct":38.2,"total":3365},"macro_regime":{"accuracy":0.4409049977487618,"correct":3917,"pct":44.1,"total":8884},"mean_reversion":{"accuracy":0.48919368246051537,"correct":5885,"pct":48.9,"total":12030},"ministral":{"accuracy":0.6161887694145759,"correct":2063,"pct":61.6,"total":3348},"ml":{"accuracy":0.4175824175824176,"correct":722,"pct":41.8,"total":1729},"momentum":{"accuracy":0.39669421487603307,"correct":192,"pct":39.7,"total":484},"momentum_factors":{"accuracy":0.5753140247067372,"correct":5542,"pct":57.5,"total":9633},"news_event":{"accuracy":0.2692307692307692,"correct":140,"pct":26.9,"total":520},