{"10d":{"consensus":{"accuracy":0.49664778337924226,"correct":9556,"pct":49.7,"total":19241},"per_ticker":{"AAPL":{"accuracy":0.6985221674876847,"correct":709,"pct":69.9,"total":1015},"AMD":{"accuracy":0.34826589595375723,"correct":241,"pct":34.8,"total":692},"AMZN":{"accuracy":0.6755083996463307,"correct":764,"pct":67.6,"total":1131},"AVGO":{"accuracy":0.5459459459459459,"correct":404,"pct":54.6,"total":740},"BTC-USD":{"accuracy":0.4276315789473684,"correct":715,"pct":42.8,"total":1672},"ETH-USD":{"accuracy":0.5438919582565992,"correct":886,"pct":54.4,"total":1629},"GOOGL":{"accuracy":0.2403393025447691,"correct":255,"pct":24.0,"total":1061},"LMT":{"accuracy":0.43768400392541706,"correct":446,"pct":43.8,"total":1019},"META":{"accuracy":0.8330464716006885,"correct":968,"pct":83.3,"total":1162},"MSTR":{"accuracy":0.5317324185248714,"correct":310,"pct":53.2,"total":583},"MU":{"accuracy":0.2186287192755498,"correct":169,"pct":21.9,"total":773},"NVDA":{"accuracy":0.24342663273960985,"correct":287,"pct":24.3,"total":1179},"PLTR":{"accuracy":0.6747851002865329,"correct":471,"pct":67.5,"total":698},"SMCI":{"accuracy":0.5693693693693693,"correct":632,"pct":56.9,"total":1110},"SOUN":{"accuracy":0.6190476190476191,"correct":468,"pct":61.9,"total":756},"TSM":{"accuracy":0.2658536585365854,"correct":218,"pct":26.6,"total":820},"TTWO":{"accuracy":0.6462346760070052,"correct":369,"pct":64.6,"total":571},"VRT":{"accuracy":0.35787000783085354,"correct":457,"pct":35.8,"total":1277},"XAG-USD":{"accuracy":0.4906204906204906,"correct":340,"pct":49.1,"total":693},"XAU-USD":{"accuracy":0.6772727272727272,"correct":447,"pct":67.7,"total":660}},"signals":{"bb":{"accuracy":0.6821935910142055,"correct":2065,"pct":68.2,"total":3027},"calendar":{"accuracy":0.6393388429752066,"correct":1934,"pct":63.9,"total":3025},"candlestick":{"accuracy":0.45226277372262774,"correct":1549,"pct":45.2,"total":3425},"claude_fundamental":{"accuracy":0.0,"correct":0,"pct":0.0,"total":0},"econ_calendar":{"accuracy":0.0,"correct":0,"pct":0.0,"total":0},"ema":{"accuracy":0.3278776018502046,"correct":1843,"pct":32.8,"total":5621},"fear_greed":{"accuracy":0.7259835315645013,"correct":3174,"pct":72.6,"total":4372},"fibonacci":{"accuracy":0.47379169503063306,"correct":2784,"pct":47.4,"total":5876},"forecast":{"accuracy":0.4796116504854369,"correct":494,"pct":48.0,"total":1030},"funding":{"accuracy":0.9292364990689013,"correct":499,"pct":92.9,"total":537},"futures_flow":{"accuracy":0.0,"correct":0,"pct":0.0,"total":1},"heikin_ashi":{"accuracy":0.4044245587869749,"correct":3254,"pct":40.4,"total":8046},"macd":{"accuracy":0.6343416370106761,"correct":1426,"pct":63.4,"total":2248},"macro_regime":{"accuracy":0.2993322203672788,"correct":1793,"pct":29.9,"total":5990},"mean_reversion":{"accuracy":0.5554628857381151,"correct":4662,"pct":55.5,"total":8393},"ministral":{"accuracy":0.2612875036411302,"correct":897,"pct":26.1,"total":3433},"ml":{"accuracy":0.607308584686775,"correct":1047,"pct":60.7,"total":1724},"momentum":{"accuracy":0.49033816425120774,"correct":203,"pct":49.0,"total":414},"momentum_factors":{"accuracy":0.5017991004497752,"correct":3347,"pct":50.2,"total":6670},"news_event":{"accuracy":0.5156739811912225,"correct":329,"pct":51.6,"total":638},"oscillators":{"accuracy":0.5706984667802385,"correct":335,"pct":57.1,"total":587},"rsi":{"accuracy":0.5021820765249163,"correct":4948,"pct":50.2,"total":9853},"sentiment":{"accuracy":0.4653233669158271,"correct":7159,"pct":46.5,"total":15385},"smart_money":{"accuracy":0.5008779631255488,"correct":2282,"pct":50.1,"total":4556},"structure":{"accuracy":0.4662224689987044,"correct":2519,"pct":46.6,"total":5403},"trend":{"accuracy":0.41213180229655516,"correct":1651,"pct":41.2,"total":4006},"volatility_sig":{"accuracy":0.40782122905027934,"correct":365,"pct":40.8,"total":895},"volume":{"accuracy":0.45752608047690013,"correct":3684,"pct":45.8,"total":8052},"volume_flow":{"accuracy":0.4847070329865742,"correct":10903,"pct":48.5,"total":22494}}},"1d":{"consensus":{"accuracy":0.48187252290299526,"correct":14833,"pct":48.2,"total":30782},"per_ticker":{"AAPL":{"accuracy":0.4492753623188406,"correct":527,"pct":44.9,"total":1173},"AI":{"accuracy":0.3317757009345794,"correct":71,"pct":33.2,"total":214},"AMD":{"accuracy":0.24774774774774774,"correct":220,"pct":24.8,"total":888},"AMZN":{"accuracy":0.3904761904761905,"correct":533,"pct":39.0,"total":1365},"AVGO":{"accuracy":0.4766666666666667,"correct":429,"pct":47.7,"total":900},"BABA":{"accuracy":0.39714285714285713,"correct":139,"pct":39.7,"total":350},"BTC-USD":{"accuracy":0.5256215119228818,"correct":1036,"pct":52.6,"total":1971},"ETH-USD":{"accuracy":0.4571129707112971,"correct":874,"pct":45.7,"total":1912},"GOOGL":{"accuracy":0.31348907309721175,"correct":416,"pct":31.3,"total":1327},"GRRR":{"accuracy":0.17581047381546136,"correct":141,"pct":17.6,"total":802},"IONQ":{"accuracy":0.39763779527559057,"correct":202,"pct":39.8,"total":508},"LMT":{"accuracy":0.6234516928158547,"correct":755,"pct":62.3,"total":1211},"META":{"accuracy":0.34186746987951805,"correct":454,"pct":34.2,"total":1328},"MRVL":{"accuracy":0.4840989399293286,"correct":274,"pct":48.4,"total":566},"MSTR":{"accuracy":0.4087719298245614,"correct":233,"pct":40.9,"total":570},"MU":{"accuracy":0.6826530612244898,"correct":669,"pct":68.3,"total":980},"NVDA":{"accuracy":0.6350851221317543,"correct":858,"pct":63.5,"total":1351},"PLTR":{"accuracy":0.5333333333333333,"correct":440,"pct":53.3,"total":825},"PONY":{"accuracy":0.458252427184466,"correct":236,"pct":45.8,"total":515},"QQQ":{"accuracy":0.5581761006289309,"correct":355,"pct":55.8,"total":636},"RXRX":{"accuracy":0.2443653618030842,"correct":206,"pct":24.4,"total":843},"SMCI":{"accuracy":0.5295794725588026,"correct":743,"pct":53.0,"total":1403},"SOUN":{"accuracy":0.5122641509433963,"correct":543,"pct":51.2,"total":1060},"TEM":{"accuracy":0.4805194805194805,"correct":333,"pct":48.1,"total":693},"TSM":{"accuracy":0.5682903533906399,"correct":595,"pct":56.8,"total":1047},"TTWO":{"accuracy":0.42857142857142855,"correct":327,"pct":42.9,"total":763},"UPST":{"accuracy":0.5991803278688524,"correct":731,"pct":59.9,"total":1220},"VERI":{"accuracy":0.7317909168808912,"correct":854,"pct":73.2,"total":1167},"VRT":{"accuracy":0.39003880983182404,"correct":603,"pct":39.0,"total":1546},"XAG-USD":{"accuracy":0.6412037037037037,"correct":554,"pct":64.1,"total":864},"XAU-USD":{"accuracy":0.6147959183673469,"correct":482,"pct":61.5,"total":784}},"signals":{"bb":{"accuracy":0.5390762034691093,"correct":2766,"pct":53.9,"total":5131},"calendar":{"accuracy":0.6468236339404709,"correct":2912,"pct":64.7,"total":4502},"candlestick":{"accuracy":0.49378796245168416,"correct":3577,"pct":49.4,"total":7244},"claude_fundamental":{"accuracy":0.0,"correct":0,"pct":0.0,"total":0},"econ_calendar":{"accuracy":0.6939571150097466,"correct":712,"pct":69.4,"total":1026},"ema":{"accuracy":0.4856890459363958,"correct":5498,"pct":48.6,"total":11320},"fear_greed":{"accuracy":0.5396056727775856,"correct":3120,"pct":54.0,"total":5782},"fibonacci":{"accuracy":0.41186458664968695,"correct":3881,"pct":41.2,"total":9423},"forecast":{"accuracy":0.4963486992240986,"correct":2175,"pct":49.6,"total":4382},"funding":{"accuracy":0.29850746268656714,"correct":160,"pct":29.9,"total":536},"futures_flow":{"accuracy":0.3333333333333333,"correct":1,"pct":33.3,"total":3},"heikin_ashi":{"accuracy":0.4833231438081652,"correct":7115,"pct":48.3,"total":14721},"macd":{"accuracy":0.3857394809775762,"correct":1531,"pct":38.6,"total":3969},"macro_regime":{"accuracy":0.4506829673232209,"correct":5972,"pct":45.1,"total":13251},"mean_reversion":{"accuracy":0.5058477267446364,"correct":6531,"pct":50.6,"total":12911},"ministral":{"accuracy":0.5953326713008937,"correct":2398,"pct":59.5,"total":4028},"ml":{"accuracy":0.41715285880980163,"correct":715,"pct":41.7,"total":1714},"momentum":{"accuracy":0.48459958932238195,"correct":472,"pct":48.5,"total":974},