{"10d":{"consensus":{"accuracy":0.49645041502839665,"correct":9091,"pct":49.6,"total":18312},"per_ticker":{"AAPL":{"accuracy":0.6998961578400831,"correct":674,"pct":70.0,"total":963},"AMD":{"accuracy":0.3265625,"correct":209,"pct":32.7,"total":640},"AMZN":{"accuracy":0.6894353369763205,"correct":757,"pct":68.9,"total":1098},"AVGO":{"accuracy":0.5518207282913166,"correct":394,"pct":55.2,"total":714},"BTC-USD":{"accuracy":0.42124768375540456,"correct":682,"pct":42.1,"total":1619},"ETH-USD":{"accuracy":0.5453400503778337,"correct":866,"pct":54.5,"total":1588},"GOOGL":{"accuracy":0.2395326192794547,"correct":246,"pct":24.0,"total":1027},"LMT":{"accuracy":0.4619450317124736,"correct":437,"pct":46.2,"total":946},"META":{"accuracy":0.8343666961913198,"correct":942,"pct":83.4,"total":1129},"MSTR":{"accuracy":0.48859315589353614,"correct":257,"pct":48.9,"total":526},"MU":{"accuracy":0.2017291066282421,"correct":140,"pct":20.2,"total":694},"NVDA":{"accuracy":0.2452504317789292,"correct":284,"pct":24.5,"total":1158},"PLTR":{"accuracy":0.6934984520123839,"correct":448,"pct":69.3,"total":646},"SMCI":{"accuracy":0.5741444866920152,"correct":604,"pct":57.4,"total":1052},"SOUN":{"accuracy":0.6251748251748251,"correct":447,"pct":62.5,"total":715},"TSM":{"accuracy":0.2467866323907455,"correct":192,"pct":24.7,"total":778},"TTWO":{"accuracy":0.6514285714285715,"correct":342,"pct":65.1,"total":525},"VRT":{"accuracy":0.3500810372771475,"correct":432,"pct":35.0,"total":1234},"XAG-USD":{"accuracy":0.49230769230769234,"correct":320,"pct":49.2,"total":650},"XAU-USD":{"accuracy":0.6852459016393443,"correct":418,"pct":68.5,"total":610}},"signals":{"bb":{"accuracy":0.6897887323943662,"correct":1959,"pct":69.0,"total":2840},"calendar":{"accuracy":0.6322188449848024,"correct":1872,"pct":63.2,"total":2961},"candlestick":{"accuracy":0.4446742502585315,"correct":1290,"pct":44.5,"total":2901},"claude_fundamental":{"accuracy":0.0,"correct":0,"pct":0.0,"total":0},"econ_calendar":{"accuracy":0.0,"correct":0,"pct":0.0,"total":0},"ema":{"accuracy":0.32085241983668594,"correct":1611,"pct":32.1,"total":5021},"fear_greed":{"accuracy":0.7093643862202814,"correct":2924,"pct":70.9,"total":4122},"fibonacci":{"accuracy":0.4730601569311247,"correct":2713,"pct":47.3,"total":5735},"forecast":{"accuracy":0.4385026737967914,"correct":82,"pct":43.9,"total":187},"funding":{"accuracy":0.9292364990689013,"correct":499,"pct":92.9,"total":537},"futures_flow":{"accuracy":0.0,"correct":0,"pct":0.0,"total":0},"heikin_ashi":{"accuracy":0.4047297297297297,"correct":2995,"pct":40.5,"total":7400},"macd":{"accuracy":0.6442495126705653,"correct":1322,"pct":64.4,"total":2052},"macro_regime":{"accuracy":0.28370181960477403,"correct":1450,"pct":28.4,"total":5111},"mean_reversion":{"accuracy":0.5578491965389369,"correct":4513,"pct":55.8,"total":8090},"ministral":{"accuracy":0.273372415921012,"correct":886,"pct":27.3,"total":3241},"ml":{"accuracy":0.607308584686775,"correct":1047,"pct":60.7,"total":1724},"momentum":{"accuracy":0.4594594594594595,"correct":136,"pct":45.9,"total":296},"momentum_factors":{"accuracy":0.5024207402779947,"correct":3217,"pct":50.2,"total":6403},"news_event":{"accuracy":0.5040214477211796,"correct":188,"pct":50.4,"total":373},"oscillators":{"accuracy":0.581081081081081,"correct":301,"pct":58.1,"total":518},"rsi":{"accuracy":0.49560769487379075,"correct":4457,"pct":49.6,"total":8993},"sentiment":{"accuracy":0.47297394300480944,"correct":6589,"pct":47.3,"total":13931},"smart_money":{"accuracy":0.49988776655443323,"correct":2227,"pct":50.0,"total":4455},"structure":{"accuracy":0.46336822074215034,"correct":2435,"pct":46.3,"total":5255},"trend":{"accuracy":0.40686958950013963,"correct":1457,"pct":40.7,"total":3581},"volatility_sig":{"accuracy":0.42085427135678394,"correct":335,"pct":42.1,"total":796},"volume":{"accuracy":0.45271002710027103,"correct":3341,"pct":45.3,"total":7380},"volume_flow":{"accuracy":0.488296239447429,"correct":10180,"pct":48.8,"total":20848}}},"1d":{"consensus":{"accuracy":0.4838343353373413,"correct":14486,"pct":48.4,"total":29940},"per_ticker":{"AAPL":{"accuracy":0.45287958115183247,"correct":519,"pct":45.3,"total":1146},"AI":{"accuracy":0.3317757009345794,"correct":71,"pct":33.2,"total":214},"AMD":{"accuracy":0.2478839177750907,"correct":205,"pct":24.8,"total":827},"AMZN":{"accuracy":0.3876784372652141,"correct":516,"pct":38.8,"total":1331},"AVGO":{"accuracy":0.4833906071019473,"correct":422,"pct":48.3,"total":873},"BABA":{"accuracy":0.39714285714285713,"correct":139,"pct":39.7,"total":350},"BTC-USD":{"accuracy":0.5235873509590462,"correct":1010,"pct":52.4,"total":1929},"ETH-USD":{"accuracy":0.4599677592692101,"correct":856,"pct":46.0,"total":1861},"GOOGL":{"accuracy":0.319047619047619,"correct":402,"pct":31.9,"total":1260},"GRRR":{"accuracy":0.17581047381546136,"correct":141,"pct":17.6,"total":802},"IONQ":{"accuracy":0.39763779527559057,"correct":202,"pct":39.8,"total":508},"LMT":{"accuracy":0.6233877901977644,"correct":725,"pct":62.3,"total":1163},"META":{"accuracy":0.3442879499217527,"correct":440,"pct":34.4,"total":1278},"MRVL":{"accuracy":0.4840989399293286,"correct":274,"pct":48.4,"total":566},"MSTR":{"accuracy":0.4087719298245614,"correct":233,"pct":40.9,"total":570},"MU":{"accuracy":0.6857749469214437,"correct":646,"pct":68.6,"total":942},"NVDA":{"accuracy":0.6393072289156626,"correct":849,"pct":63.9,"total":1328},"PLTR":{"accuracy":0.5319148936170213,"correct":425,"pct":53.2,"total":799},"PONY":{"accuracy":0.458252427184466,"correct":236,"pct":45.8,"total":515},"QQQ":{"accuracy":0.5581761006289309,"correct":355,"pct":55.8,"total":636},"RXRX":{"accuracy":0.2443653618030842,"correct":206,"pct":24.4,"total":843},"SMCI":{"accuracy":0.5406593406593406,"correct":738,"pct":54.1,"total":1365},"SOUN":{"accuracy":0.5493387589013224,"correct":540,"pct":54.9,"total":983},"TEM":{"accuracy":0.4805194805194805,"correct":333,"pct":48.1,"total":693},"TSM":{"accuracy":0.5671342685370742,"correct":566,"pct":56.7,"total":998},"TTWO":{"accuracy":0.4098360655737705,"correct":300,"pct":41.0,"total":732},"UPST":{"accuracy":0.5991803278688524,"correct":731,"pct":59.9,"total":1220},"VERI":{"accuracy":0.7317909168808912,"correct":854,"pct":73.2,"total":1167},"VRT":{"accuracy":0.371000680735194,"correct":545,"pct":37.1,"total":1469},"XAG-USD":{"accuracy":0.6467722289890377,"correct":531,"pct":64.7,"total":821},"XAU-USD":{"accuracy":0.6338215712383488,"correct":476,"pct":63.4,"total":751}},"signals":{"bb":{"accuracy":0.5462492376499288,"correct":2687,"pct":54.6,"total":4919},"calendar":{"accuracy":0.6468236339404709,"correct":2912,"pct":64.7,"total":4502},"candlestick":{"accuracy":0.4925545756830996,"correct":3407,"pct":49.3,"total":6917},"claude_fundamental":{"accuracy":0.0,"correct":0,"pct":0.0,"total":0},"econ_calendar":{"accuracy":0.6192307692307693,"correct":161,"pct":61.9,"total":260},"ema":{"accuracy":0.48269351793580867,"correct":5369,"pct":48.3,"total":11123},"fear_greed":{"accuracy":0.5287107258938245,"correct":2928,"pct":52.9,"total":5538},"fibonacci":{"accuracy":0.4090957961509515,"correct":3805,"pct":40.9,"total":9301},"forecast":{"accuracy":0.5021448999046711,"correct":2107,"pct":50.2,"total":4196},"funding":{"accuracy":0.29850746268656714,"correct":160,"pct":29.9,"total":536},"futures_flow":{"accuracy":0.3333333333333333,"correct":1,"pct":33.3,"total":3},"heikin_ashi":{"accuracy":0.4784950046056827,"correct":6753,"pct":47.8,"total":14113},"macd":{"accuracy":0.3813671153338612,"correct":1445,"pct":38.1,"total":3789},"macro_regime":{"accuracy":0.43736680085247454,"correct":5541,"pct":43.7,"total":12669},"mean_reversion":{"accuracy":0.5045144939014732,"correct":6370,"pct":50.5,"total":12626},"ministral":{"accuracy":0.5959469602201651,"correct":2382,"pct":59.6,"total":3997},"ml":{"accuracy":0.41715285880980163,"correct":715,"pct":41.7,"total":1714},"momentum":{"accuracy":0.476457399103139,"correct":425,"pct":47.6,"total":892},"momentum_factors":{"accuracy":0.5645981688708036,