{"10d":{"consensus":{"accuracy":0.5392513031116727,"correct":3414,"pct":53.9,"total":6331},"per_ticker":{"AAPL":{"accuracy":0.7560137457044673,"correct":220,"pct":75.6,"total":291},"AMD":{"accuracy":0.43812709030100333,"correct":131,"pct":43.8,"total":299},"AMZN":{"accuracy":0.5855263157894737,"correct":178,"pct":58.6,"total":304},"AVGO":{"accuracy":0.2097902097902098,"correct":60,"pct":21.0,"total":286},"BTC-USD":{"accuracy":0.44894894894894893,"correct":299,"pct":44.9,"total":666},"ETH-USD":{"accuracy":0.524031007751938,"correct":338,"pct":52.4,"total":645},"GOOGL":{"accuracy":0.6423841059602649,"correct":194,"pct":64.2,"total":302},"LMT":{"accuracy":0.31225296442687744,"correct":79,"pct":31.2,"total":253},"META":{"accuracy":0.6221498371335505,"correct":191,"pct":62.2,"total":307},"MSTR":{"accuracy":0.1125,"correct":9,"pct":11.2,"total":80},"MU":{"accuracy":0.02702702702702703,"correct":7,"pct":2.7,"total":259},"NVDA":{"accuracy":0.105,"correct":42,"pct":10.5,"total":400},"PLTR":{"accuracy":0.71280276816609,"correct":206,"pct":71.3,"total":289},"SMCI":{"accuracy":0.42560553633217996,"correct":123,"pct":42.6,"total":289},"SOUN":{"accuracy":0.9536423841059603,"correct":288,"pct":95.4,"total":302},"TSM":{"accuracy":0.6387832699619772,"correct":168,"pct":63.9,"total":263},"TTWO":{"accuracy":0.75390625,"correct":193,"pct":75.4,"total":256},"VRT":{"accuracy":0.8952702702702703,"correct":265,"pct":89.5,"total":296},"XAG-USD":{"accuracy":0.7601476014760148,"correct":206,"pct":76.0,"total":271},"XAU-USD":{"accuracy":0.7948717948717948,"correct":217,"pct":79.5,"total":273}},"signals":{"bb":{"accuracy":0.7165032679738562,"correct":877,"pct":71.7,"total":1224},"calendar":{"accuracy":0.653972153972154,"correct":1597,"pct":65.4,"total":2442},"candlestick":{"accuracy":0.5414507772020726,"correct":418,"pct":54.1,"total":772},"claude_fundamental":{"accuracy":0.0,"correct":0,"pct":0.0,"total":0},"econ_calendar":{"accuracy":0.0,"correct":0,"pct":0.0,"total":0},"ema":{"accuracy":0.3362162162162162,"correct":933,"pct":33.6,"total":2775},"fear_greed":{"accuracy":0.4280078895463511,"correct":868,"pct":42.8,"total":2028},"fibonacci":{"accuracy":0.4779627815866797,"correct":1952,"pct":47.8,"total":4084},"forecast":{"accuracy":0.0,"correct":0,"pct":0.0,"total":0},"funding":{"accuracy":0.7710843373493976,"correct":128,"pct":77.1,"total":166},"futures_flow":{"accuracy":0.0,"correct":0,"pct":0.0,"total":0},"heikin_ashi":{"accuracy":0.4391475042063937,"correct":783,"pct":43.9,"total":1783},"macd":{"accuracy":0.5917496443812233,"correct":416,"pct":59.2,"total":703},"macro_regime":{"accuracy":0.3003327787021631,"correct":361,"pct":30.0,"total":1202},"mean_reversion":{"accuracy":0.5692307692307692,"correct":2442,"pct":56.9,"total":4290},"ministral":{"accuracy":0.4934988179669031,"correct":835,"pct":49.3,"total":1692},"ml":{"accuracy":0.4303030303030303,"correct":426,"pct":43.0,"total":990},"momentum":{"accuracy":0.4909090909090909,"correct":135,"pct":49.1,"total":275},"momentum_factors":{"accuracy":0.5251757552726581,"correct":2764,"pct":52.5,"total":5263},"news_event":{"accuracy":0.0,"correct":0,"pct":0.0,"total":0},"oscillators":{"accuracy":0.6408450704225352,"correct":91,"pct":64.1,"total":142},"rsi":{"accuracy":0.6498435054773083,"correct":1661,"pct":65.0,"total":2556},"sentiment":{"accuracy":0.403418339663592,"correct":1487,"pct":40.3,"total":3686},"smart_money":{"accuracy":0.4796854521625164,"correct":1830,"pct":48.0,"total":3815},"structure":{"accuracy":0.4748363800496502,"correct":2104,"pct":47.5,"total":4431},"trend":{"accuracy":0.48722044728434505,"correct":305,"pct":48.7,"total":626},"volatility_sig":{"accuracy":0.38320209973753283,"correct":146,"pct":38.3,"total":381},"volume":{"accuracy":0.43963393171418513,"correct":1249,"pct":44.0,"total":2841},"volume_flow":{"accuracy":0.4929545962871841,"correct":2204,"pct":49.3,"total":4471}}},"1d":{"consensus":{"accuracy":0.47811307927635305,"correct":12659,"pct":47.8,"total":26477},"per_ticker":{"AAPL":{"accuracy":0.490134994807892,"correct":472,"pct":49.0,"total":963},"AI":{"accuracy":0.3317757009345794,"correct":71,"pct":33.2,"total":214},"AMD":{"accuracy":0.190625,"correct":122,"pct":19.1,"total":640},"AMZN":{"accuracy":0.36330608537693004,"correct":400,"pct":36.3,"total":1101},"AVGO":{"accuracy":0.5084033613445378,"correct":363,"pct":50.8,"total":714},"BABA":{"accuracy":0.3923705722070845,"correct":144,"pct":39.2,"total":367},"BTC-USD":{"accuracy":0.5437844458052664,"correct":888,"pct":54.4,"total":1633},"ETH-USD":{"accuracy":0.46712586098935505,"correct":746,"pct":46.7,"total":1597},"GOOGL":{"accuracy":0.2453748782862707,"correct":252,"pct":24.5,"total":1027},"GRRR":{"accuracy":0.17559153175591533,"correct":141,"pct":17.6,"total":803},"IONQ":{"accuracy":0.3968565815324165,"correct":202,"pct":39.7,"total":509},"LMT":{"accuracy":0.6209081309398099,"correct":588,"pct":62.1,"total":947},"META":{"accuracy":0.29557522123893804,"correct":334,"pct":29.6,"total":1130},"MRVL":{"accuracy":0.5394190871369294,"correct":390,"pct":53.9,"total":723},"MSTR":{"accuracy":0.4720496894409938,"correct":304,"pct":47.2,"total":644},"MU":{"accuracy":0.7640287769784173,"correct":531,"pct":76.4,"total":695},"NVDA":{"accuracy":0.6692573402417962,"correct":775,"pct":66.9,"total":1158},"PLTR":{"accuracy":0.5462962962962963,"correct":354,"pct":54.6,"total":648},"PONY":{"accuracy":0.45124282982791586,"correct":236,"pct":45.1,"total":523},"QQQ":{"accuracy":0.4550438596491228,"correct":415,"pct":45.5,"total":912},"RXRX":{"accuracy":0.24497041420118343,"correct":207,"pct":24.5,"total":845},"SMCI":{"accuracy":0.4914933837429111,"correct":520,"pct":49.1,"total":1058},"SOUN":{"accuracy":0.5382475660639777,"correct":387,"pct":53.8,"total":719},"TEM":{"accuracy":0.47844827586206895,"correct":333,"pct":47.8,"total":696},"TSM":{"accuracy":0.5951156812339332,"correct":463,"pct":59.5,"total":778},"TTWO":{"accuracy":0.2984790874524715,"correct":157,"pct":29.8,"total":526},"UPST":{"accuracy":0.5991803278688524,"correct":731,"pct":59.9,"total":1220},"VERI":{"accuracy":0.7270408163265306,"correct":855,"pct":72.7,"total":1176},"VRT":{"accuracy":0.33225283630470015,"correct":410,"pct":33.2,"total":1234},"XAG-USD":{"accuracy":0.7024539877300614,"correct":458,"pct":70.2,"total":652},"XAU-USD":{"accuracy":0.656,"correct":410,"pct":65.6,"total":625}},"signals":{"bb":{"accuracy":0.5313755020080321,"correct":2117,"pct":53.1,"total":3984},"calendar":{"accuracy":0.6416210295728368,"correct":2929,"pct":64.2,"total":4565},"candlestick":{"accuracy":0.48827642945290006,"correct":2374,"pct":48.8,"total":4862},"claude_fundamental":{"accuracy":0.0,"correct":0,"pct":0.0,"total":0},"econ_calendar":{"accuracy":0.0,"correct":0,"pct":0.0,"total":0},"ema":{"accuracy":0.5153768164920581,"correct":4575,"pct":51.5,"total":8877},"fear_greed":{"accuracy":0.46769527483124396,"correct":1940,"pct":46.8,"total":4148},"fibonacci":{"accuracy":0.4109406270847232,"correct":3696,"pct":41.1,"total":8994},"forecast":{"accuracy":0.36065573770491804,"correct":66,"pct":36.1,"total":183},"funding":{"accuracy":0.297951582867784,"correct":160,"pct":29.8,"total":537},"futures_flow":{"accuracy":0.0,"correct":0,"pct":0.0,"total":0},"heikin_ashi":{"accuracy":0.49859435929990026,"correct":5498,"pct":49.9,"total":11027},"macd":{"accuracy":0.38463911165946946,"correct":1247,"pct":38.5,"total":3242},"macro_regime":{"accuracy":0.469085211522237,"correct":3892,"pct":46.9,"total":8297},"mean_reversion":{"accuracy":0.48721184586908967,"correct":5791,"pct":48.7,"total":11886},"ministral":{"accuracy":0.6311752071187481,"correct":2057,"pct":63.1,"total":3259},"ml":{"accuracy":0.4175824175824176,"correct":722,"pct":41.8,"total":1729},"momentum":{"accuracy":0.3161764705882353,"correct":129,"pct":31.6,"total":408},"momentum_factors":{"accuracy":0.5834568947256937,"correct":5509,"pct":58.3,"total":9442},"news_event":{"accuracy":0.24074074074074073,"correct":91,"pct":24.1,"total":378},"oscillators":{"accuracy":0.4535367545076283,