{"10d":{"consensus":{"accuracy":0.5280214676437197,"correct":5116,"pct":52.8,"total":9689},"per_ticker":{"AAPL":{"accuracy":0.7533632286995515,"correct":336,"pct":75.3,"total":446},"AMD":{"accuracy":0.46153846153846156,"correct":144,"pct":46.2,"total":312},"AMZN":{"accuracy":0.7288801571709234,"correct":371,"pct":72.9,"total":509},"AVGO":{"accuracy":0.5097613882863341,"correct":235,"pct":51.0,"total":461},"BTC-USD":{"accuracy":0.4382259767687434,"correct":415,"pct":43.8,"total":947},"ETH-USD":{"accuracy":0.48819742489270385,"correct":455,"pct":48.8,"total":932},"GOOGL":{"accuracy":0.3533697632058288,"correct":194,"pct":35.3,"total":549},"LMT":{"accuracy":0.5078534031413613,"correct":194,"pct":50.8,"total":382},"META":{"accuracy":0.7855946398659966,"correct":469,"pct":78.6,"total":597},"MSTR":{"accuracy":0.1125,"correct":9,"pct":11.2,"total":80},"MU":{"accuracy":0.02258064516129032,"correct":7,"pct":2.3,"total":310},"NVDA":{"accuracy":0.2946298984034833,"correct":203,"pct":29.5,"total":689},"PLTR":{"accuracy":0.8207343412526998,"correct":380,"pct":82.1,"total":463},"SMCI":{"accuracy":0.36380597014925375,"correct":195,"pct":36.4,"total":536},"SOUN":{"accuracy":0.9555555555555556,"correct":301,"pct":95.6,"total":315},"TSM":{"accuracy":0.38443935926773454,"correct":168,"pct":38.4,"total":437},"TTWO":{"accuracy":0.7148148148148148,"correct":193,"pct":71.5,"total":270},"VRT":{"accuracy":0.4761092150170648,"correct":279,"pct":47.6,"total":586},"XAG-USD":{"accuracy":0.5720823798627003,"correct":250,"pct":57.2,"total":437},"XAU-USD":{"accuracy":0.7378190255220418,"correct":318,"pct":73.8,"total":431}},"signals":{"bb":{"accuracy":0.7687564234326825,"correct":1496,"pct":76.9,"total":1946},"calendar":{"accuracy":0.653972153972154,"correct":1597,"pct":65.4,"total":2442},"candlestick":{"accuracy":0.37655677655677655,"correct":514,"pct":37.7,"total":1365},"claude_fundamental":{"accuracy":0.0,"correct":0,"pct":0.0,"total":0},"econ_calendar":{"accuracy":0.0,"correct":0,"pct":0.0,"total":0},"ema":{"accuracy":0.3207287727741492,"correct":933,"pct":32.1,"total":2909},"fear_greed":{"accuracy":0.5538461538461539,"correct":1440,"pct":55.4,"total":2600},"fibonacci":{"accuracy":0.46851607221488334,"correct":2128,"pct":46.9,"total":4542},"forecast":{"accuracy":0.0,"correct":0,"pct":0.0,"total":0},"funding":{"accuracy":0.8888888888888888,"correct":304,"pct":88.9,"total":342},"futures_flow":{"accuracy":0.0,"correct":0,"pct":0.0,"total":0},"heikin_ashi":{"accuracy":0.4540331102500881,"correct":1289,"pct":45.4,"total":2839},"macd":{"accuracy":0.6470588235294118,"correct":561,"pct":64.7,"total":867},"macro_regime":{"accuracy":0.3358908780903666,"correct":788,"pct":33.6,"total":2346},"mean_reversion":{"accuracy":0.5818666666666666,"correct":3273,"pct":58.2,"total":5625},"ministral":{"accuracy":0.3824195740824649,"correct":844,"pct":38.2,"total":2207},"ml":{"accuracy":0.5134914145543745,"correct":628,"pct":51.3,"total":1223},"momentum":{"accuracy":0.4671280276816609,"correct":135,"pct":46.7,"total":289},"momentum_factors":{"accuracy":0.5200208913649025,"correct":2987,"pct":52.0,"total":5744},"news_event":{"accuracy":0.0,"correct":0,"pct":0.0,"total":0},"oscillators":{"accuracy":0.6620370370370371,"correct":143,"pct":66.2,"total":216},"rsi":{"accuracy":0.5804729214340199,"correct":2283,"pct":58.0,"total":3933},"sentiment":{"accuracy":0.4607206142941524,"correct":3120,"pct":46.1,"total":6772},"smart_money":{"accuracy":0.47430139720558884,"correct":1901,"pct":47.4,"total":4008},"structure":{"accuracy":0.46886446886446886,"correct":2176,"pct":46.9,"total":4641},"trend":{"accuracy":0.35518157661647476,"correct":401,"pct":35.5,"total":1129},"volatility_sig":{"accuracy":0.35398230088495575,"correct":160,"pct":35.4,"total":452},"volume":{"accuracy":0.42094713104485093,"correct":1680,"pct":42.1,"total":3991},"volume_flow":{"accuracy":0.534060552092609,"correct":4798,"pct":53.4,"total":8984}}},"1d":{"consensus":{"accuracy":0.47552881108679795,"correct":13039,"pct":47.6,"total":27420},"per_ticker":{"AAPL":{"accuracy":0.4798029556650246,"correct":487,"pct":48.0,"total":1015},"AI":{"accuracy":0.3317757009345794,"correct":71,"pct":33.2,"total":214},"AMD":{"accuracy":0.22254335260115607,"correct":154,"pct":22.3,"total":692},"AMZN":{"accuracy":0.36387665198237884,"correct":413,"pct":36.4,"total":1135},"AVGO":{"accuracy":0.504054054054054,"correct":373,"pct":50.4,"total":740},"BABA":{"accuracy":0.3923705722070845,"correct":144,"pct":39.2,"total":367},"BTC-USD":{"accuracy":0.5474926253687316,"correct":928,"pct":54.7,"total":1695},"ETH-USD":{"accuracy":0.46772228989037756,"correct":768,"pct":46.8,"total":1642},"GOOGL":{"accuracy":0.25209302325581395,"correct":271,"pct":25.2,"total":1075},"GRRR":{"accuracy":0.17559153175591533,"correct":141,"pct":17.6,"total":803},"IONQ":{"accuracy":0.3968565815324165,"correct":202,"pct":39.7,"total":509},"LMT":{"accuracy":0.5886385896180215,"correct":601,"pct":58.9,"total":1021},"META":{"accuracy":0.2927038626609442,"correct":341,"pct":29.3,"total":1165},"MRVL":{"accuracy":0.5394190871369294,"correct":390,"pct":53.9,"total":723},"MSTR":{"accuracy":0.4720496894409938,"correct":304,"pct":47.2,"total":644},"MU":{"accuracy":0.7104591836734694,"correct":557,"pct":71.0,"total":784},"NVDA":{"accuracy":0.6598812553011026,"correct":778,"pct":66.0,"total":1179},"PLTR":{"accuracy":0.5385714285714286,"correct":377,"pct":53.9,"total":700},"PONY":{"accuracy":0.45124282982791586,"correct":236,"pct":45.1,"total":523},"QQQ":{"accuracy":0.4550438596491228,"correct":415,"pct":45.5,"total":912},"RXRX":{"accuracy":0.24497041420118343,"correct":207,"pct":24.5,"total":845},"SMCI":{"accuracy":0.49600709849157054,"correct":559,"pct":49.6,"total":1127},"SOUN":{"accuracy":0.5210526315789473,"correct":396,"pct":52.1,"total":760},"TEM":{"accuracy":0.47844827586206895,"correct":333,"pct":47.8,"total":696},"TSM":{"accuracy":0.5841463414634146,"correct":479,"pct":58.4,"total":820},"TTWO":{"accuracy":0.30662020905923343,"correct":176,"pct":30.7,"total":574},"UPST":{"accuracy":0.5991803278688524,"correct":731,"pct":59.9,"total":1220},"VERI":{"accuracy":0.7270408163265306,"correct":855,"pct":72.7,"total":1176},"VRT":{"accuracy":0.3457653457653458,"correct":445,"pct":34.6,"total":1287},"XAG-USD":{"accuracy":0.6757532281205165,"correct":471,"pct":67.6,"total":697},"XAU-USD":{"accuracy":0.6411764705882353,"correct":436,"pct":64.1,"total":680}},"signals":{"bb":{"accuracy":0.5476247314394843,"correct":2294,"pct":54.8,"total":4189},"calendar":{"accuracy":0.6416210295728368,"correct":2929,"pct":64.2,"total":4565},"candlestick":{"accuracy":0.4996318114874816,"correct":2714,"pct":50.0,"total":5432},"claude_fundamental":{"accuracy":0.0,"correct":0,"pct":0.0,"total":0},"econ_calendar":{"accuracy":0.0,"correct":0,"pct":0.0,"total":0},"ema":{"accuracy":0.49152006741809756,"correct":4666,"pct":49.2,"total":9493},"fear_greed":{"accuracy":0.5006784260515604,"correct":2214,"pct":50.1,"total":4422},"fibonacci":{"accuracy":0.4104305905554947,"correct":3746,"pct":41.0,"total":9127},"forecast":{"accuracy":0.5407882676443629,"correct":590,"pct":54.1,"total":1091},"funding":{"accuracy":0.297951582867784,"correct":160,"pct":29.8,"total":537},"futures_flow":{"accuracy":0.0,"correct":0,"pct":0.0,"total":1},"heikin_ashi":{"accuracy":0.4892583120204604,"correct":5739,"pct":48.9,"total":11730},"macd":{"accuracy":0.3839907192575406,"correct":1324,"pct":38.4,"total":3448},"macro_regime":{"accuracy":0.42940414507772023,"correct":3978,"pct":42.9,"total":9264},"mean_reversion":{"accuracy":0.49036878498518277,"correct":5957,"pct":49.0,"total":12148},"ministral":{"accuracy":0.5971700837424199,"correct":2068,"pct":59.7,"total":3463},"ml":{"accuracy":0.4175824175824176,"correct":722,"pct":41.8,"total":1729},"momentum":{"accuracy":0.4291044776119403,"correct":230,"pct":42.9,"total":536},"momentum_factors":{"accuracy":0.5740262423804112,"correct":5556,"pct":57.4,"total":9679},"news_event":{"accuracy":0.2593167701863354,"correct":167,