{"10d":{"consensus":{"accuracy":0.5787096774193549,"correct":1794,"pct":57.9,"total":3100},"per_ticker":{"AAPL":{"accuracy":0.9705882352941176,"correct":99,"pct":97.1,"total":102},"AMD":{"accuracy":0.05454545454545454,"correct":6,"pct":5.5,"total":110},"AMZN":{"accuracy":0.991304347826087,"correct":114,"pct":99.1,"total":115},"AVGO":{"accuracy":0.0,"correct":0,"pct":0.0,"total":117},"BTC-USD":{"accuracy":0.4339622641509434,"correct":207,"pct":43.4,"total":477},"ETH-USD":{"accuracy":0.4660831509846827,"correct":213,"pct":46.6,"total":457},"GOOGL":{"accuracy":1.0,"correct":118,"pct":100.0,"total":118},"LMT":{"accuracy":0.0,"correct":0,"pct":0.0,"total":116},"META":{"accuracy":1.0,"correct":118,"pct":100.0,"total":118},"MSTR":{"accuracy":0.1125,"correct":9,"pct":11.2,"total":80},"MU":{"accuracy":0.05454545454545454,"correct":6,"pct":5.5,"total":110},"NVDA":{"accuracy":0.15165876777251186,"correct":32,"pct":15.2,"total":211},"PLTR":{"accuracy":0.6326530612244898,"correct":93,"pct":63.3,"total":147},"SMCI":{"accuracy":0.9915966386554622,"correct":118,"pct":99.2,"total":119},"SOUN":{"accuracy":0.9646017699115044,"correct":109,"pct":96.5,"total":113},"TSM":{"accuracy":0.8350515463917526,"correct":81,"pct":83.5,"total":97},"TTWO":{"accuracy":0.9897959183673469,"correct":97,"pct":99.0,"total":98},"VRT":{"accuracy":0.9649122807017544,"correct":110,"pct":96.5,"total":114},"XAG-USD":{"accuracy":0.9420289855072463,"correct":130,"pct":94.2,"total":138},"XAU-USD":{"accuracy":0.9370629370629371,"correct":134,"pct":93.7,"total":143}},"signals":{"bb":{"accuracy":0.6788990825688074,"correct":296,"pct":67.9,"total":436},"calendar":{"accuracy":0.6548785683851726,"correct":1537,"pct":65.5,"total":2347},"candlestick":{"accuracy":0.5034965034965035,"correct":144,"pct":50.3,"total":286},"claude_fundamental":{"accuracy":0.0,"correct":0,"pct":0.0,"total":0},"econ_calendar":{"accuracy":0.0,"correct":0,"pct":0.0,"total":0},"ema":{"accuracy":0.31841652323580033,"correct":740,"pct":31.8,"total":2324},"fear_greed":{"accuracy":0.35454545454545455,"correct":585,"pct":35.5,"total":1650},"fibonacci":{"accuracy":0.5123568414707655,"correct":850,"pct":51.2,"total":1659},"forecast":{"accuracy":0.0,"correct":0,"pct":0.0,"total":0},"funding":{"accuracy":0.6923076923076923,"correct":72,"pct":69.2,"total":104},"futures_flow":{"accuracy":0.0,"correct":0,"pct":0.0,"total":0},"heikin_ashi":{"accuracy":0.4668400520156047,"correct":359,"pct":46.7,"total":769},"macd":{"accuracy":0.6116504854368932,"correct":252,"pct":61.2,"total":412},"macro_regime":{"accuracy":0.0,"correct":0,"pct":0.0,"total":0},"mean_reversion":{"accuracy":0.5149164677804295,"correct":863,"pct":51.5,"total":1676},"ministral":{"accuracy":0.5417543859649123,"correct":772,"pct":54.2,"total":1425},"ml":{"accuracy":0.408716136631331,"correct":347,"pct":40.9,"total":849},"momentum":{"accuracy":0.5555555555555556,"correct":45,"pct":55.6,"total":81},"momentum_factors":{"accuracy":0.6579961464354528,"correct":1366,"pct":65.8,"total":2076},"news_event":{"accuracy":0.0,"correct":0,"pct":0.0,"total":0},"oscillators":{"accuracy":0.46296296296296297,"correct":25,"pct":46.3,"total":54},"rsi":{"accuracy":0.6549295774647887,"correct":837,"pct":65.5,"total":1278},"sentiment":{"accuracy":0.5011574074074074,"correct":866,"pct":50.1,"total":1728},"smart_money":{"accuracy":0.5752617801047121,"correct":879,"pct":57.5,"total":1528},"structure":{"accuracy":0.5046780407264722,"correct":917,"pct":50.5,"total":1817},"trend":{"accuracy":0.4177215189873418,"correct":33,"pct":41.8,"total":79},"volatility_sig":{"accuracy":0.5952380952380952,"correct":25,"pct":59.5,"total":42},"volume":{"accuracy":0.45064377682403434,"correct":630,"pct":45.1,"total":1398},"volume_flow":{"accuracy":0.4821917808219178,"correct":704,"pct":48.2,"total":1460}}},"1d":{"consensus":{"accuracy":0.47838584017245944,"correct":12649,"pct":47.8,"total":26441},"per_ticker":{"AAPL":{"accuracy":0.49007314524555906,"correct":469,"pct":49.0,"total":957},"AI":{"accuracy":0.3317757009345794,"correct":71,"pct":33.2,"total":214},"AMD":{"accuracy":0.190625,"correct":122,"pct":19.1,"total":640},"AMZN":{"accuracy":0.36330608537693004,"correct":400,"pct":36.3,"total":1101},"AVGO":{"accuracy":0.5084033613445378,"correct":363,"pct":50.8,"total":714},"BABA":{"accuracy":0.3923705722070845,"correct":144,"pct":39.2,"total":367},"BTC-USD":{"accuracy":0.5435582822085889,"correct":886,"pct":54.4,"total":1630},"ETH-USD":{"accuracy":0.4670433145009416,"correct":744,"pct":46.7,"total":1593},"GOOGL":{"accuracy":0.2453748782862707,"correct":252,"pct":24.5,"total":1027},"GRRR":{"accuracy":0.17559153175591533,"correct":141,"pct":17.6,"total":803},"IONQ":{"accuracy":0.3968565815324165,"correct":202,"pct":39.7,"total":509},"LMT":{"accuracy":0.625531914893617,"correct":588,"pct":62.6,"total":940},"META":{"accuracy":0.29557522123893804,"correct":334,"pct":29.6,"total":1130},"MRVL":{"accuracy":0.5394190871369294,"correct":390,"pct":53.9,"total":723},"MSTR":{"accuracy":0.4720496894409938,"correct":304,"pct":47.2,"total":644},"MU":{"accuracy":0.7640287769784173,"correct":531,"pct":76.4,"total":695},"NVDA":{"accuracy":0.6692573402417962,"correct":775,"pct":66.9,"total":1158},"PLTR":{"accuracy":0.5462962962962963,"correct":354,"pct":54.6,"total":648},"PONY":{"accuracy":0.45124282982791586,"correct":236,"pct":45.1,"total":523},"QQQ":{"accuracy":0.4550438596491228,"correct":415,"pct":45.5,"total":912},"RXRX":{"accuracy":0.24497041420118343,"correct":207,"pct":24.5,"total":845},"SMCI":{"accuracy":0.4914933837429111,"correct":520,"pct":49.1,"total":1058},"SOUN":{"accuracy":0.5435393258426966,"correct":387,"pct":54.4,"total":712},"TEM":{"accuracy":0.47844827586206895,"correct":333,"pct":47.8,"total":696},"TSM":{"accuracy":0.5951156812339332,"correct":463,"pct":59.5,"total":778},"TTWO":{"accuracy":0.2984790874524715,"correct":157,"pct":29.8,"total":526},"UPST":{"accuracy":0.5991803278688524,"correct":731,"pct":59.9,"total":1220},"VERI":{"accuracy":0.7270408163265306,"correct":855,"pct":72.7,"total":1176},"VRT":{"accuracy":0.3336045565500407,"correct":410,"pct":33.4,"total":1229},"XAG-USD":{"accuracy":0.703076923076923,"correct":457,"pct":70.3,"total":650},"XAU-USD":{"accuracy":0.6548956661316212,"correct":408,"pct":65.5,"total":623}},"signals":{"bb":{"accuracy":0.5315405880874592,"correct":2115,"pct":53.2,"total":3979},"calendar":{"accuracy":0.6416210295728368,"correct":2929,"pct":64.2,"total":4565},"candlestick":{"accuracy":0.4869942196531792,"correct":2359,"pct":48.7,"total":4844},"claude_fundamental":{"accuracy":0.0,"correct":0,"pct":0.0,"total":0},"econ_calendar":{"accuracy":0.0,"correct":0,"pct":0.0,"total":0},"ema":{"accuracy":0.5158416957943398,"correct":4575,"pct":51.6,"total":8869},"fear_greed":{"accuracy":0.4668601838413159,"correct":1930,"pct":46.7,"total":4134},"fibonacci":{"accuracy":0.4109406270847232,"correct":3696,"pct":41.1,"total":8994},"forecast":{"accuracy":0.20588235294117646,"correct":21,"pct":20.6,"total":102},"funding":{"accuracy":0.297951582867784,"correct":160,"pct":29.8,"total":537},"futures_flow":{"accuracy":0.0,"correct":0,"pct":0.0,"total":0},"heikin_ashi":{"accuracy":0.4990003635041803,"correct":5491,"pct":49.9,"total":11004},"macd":{"accuracy":0.38480543545398394,"correct":1246,"pct":38.5,"total":3238},"macro_regime":{"accuracy":0.46891973445986723,"correct":3885,"pct":46.9,"total":8285},"mean_reversion":{"accuracy":0.4872917017337149,"correct":5790,"pct":48.7,"total":11882},"ministral":{"accuracy":0.6325023084025854,"correct":2055,"pct":63.3,"total":3249},"ml":{"accuracy":0.4175824175824176,"correct":722,"pct":41.8,"total":1729},"momentum":{"accuracy":0.3144963144963145,"correct":128,"pct":31.4,"total":407},"momentum_factors":{"accuracy":0.5832273112807463,"correct":5501,"pct":58.3,"total":9432},"news_event":{"accuracy":0.2446236559139785,"correct":91,"pct":24.5,"total":372},"oscillators":{"accuracy":0.45479833101529904,"correct":327,"pct":45.5,"total":719},"rsi":{"accuracy":0.497196717315349,