{"10d":{"consensus":{"accuracy":0.49487481095614183,"correct":8835,"pct":49.5,"total":17853},"per_ticker":{"AAPL":{"accuracy":0.6992715920915713,"correct":672,"pct":69.9,"total":961},"AMD":{"accuracy":0.3265625,"correct":209,"pct":32.7,"total":640},"AMZN":{"accuracy":0.6894353369763205,"correct":757,"pct":68.9,"total":1098},"AVGO":{"accuracy":0.5518207282913166,"correct":394,"pct":55.2,"total":714},"BTC-USD":{"accuracy":0.4215080346106304,"correct":682,"pct":42.2,"total":1618},"ETH-USD":{"accuracy":0.5460277427490542,"correct":866,"pct":54.6,"total":1586},"GOOGL":{"accuracy":0.2395326192794547,"correct":246,"pct":24.0,"total":1027},"LMT":{"accuracy":0.4608050847457627,"correct":435,"pct":46.1,"total":944},"META":{"accuracy":0.8343666961913198,"correct":942,"pct":83.4,"total":1129},"MSTR":{"accuracy":0.1125,"correct":9,"pct":11.2,"total":80},"MU":{"accuracy":0.2017291066282421,"correct":140,"pct":20.2,"total":694},"NVDA":{"accuracy":0.2452504317789292,"correct":284,"pct":24.5,"total":1158},"PLTR":{"accuracy":0.6934984520123839,"correct":448,"pct":69.3,"total":646},"SMCI":{"accuracy":0.5741444866920152,"correct":604,"pct":57.4,"total":1052},"SOUN":{"accuracy":0.6241234221598878,"correct":445,"pct":62.4,"total":713},"TSM":{"accuracy":0.2467866323907455,"correct":192,"pct":24.7,"total":778},"TTWO":{"accuracy":0.6514285714285715,"correct":342,"pct":65.1,"total":525},"VRT":{"accuracy":0.35064935064935066,"correct":432,"pct":35.1,"total":1232},"XAG-USD":{"accuracy":0.4915254237288136,"correct":319,"pct":49.2,"total":649},"XAU-USD":{"accuracy":0.6847290640394089,"correct":417,"pct":68.5,"total":609}},"signals":{"bb":{"accuracy":0.6959361393323658,"correct":1918,"pct":69.6,"total":2756},"calendar":{"accuracy":0.6280737704918032,"correct":1839,"pct":62.8,"total":2928},"candlestick":{"accuracy":0.4459210040605389,"correct":1208,"pct":44.6,"total":2709},"claude_fundamental":{"accuracy":0.0,"correct":0,"pct":0.0,"total":0},"econ_calendar":{"accuracy":0.0,"correct":0,"pct":0.0,"total":0},"ema":{"accuracy":0.3163135593220339,"correct":1493,"pct":31.6,"total":4720},"fear_greed":{"accuracy":0.7090820786789703,"correct":2920,"pct":70.9,"total":4118},"fibonacci":{"accuracy":0.47684605757196497,"correct":2667,"pct":47.7,"total":5593},"forecast":{"accuracy":0.43312101910828027,"correct":68,"pct":43.3,"total":157},"funding":{"accuracy":0.9292364990689013,"correct":499,"pct":92.9,"total":537},"futures_flow":{"accuracy":0.0,"correct":0,"pct":0.0,"total":0},"heikin_ashi":{"accuracy":0.40100530578050825,"correct":2872,"pct":40.1,"total":7162},"macd":{"accuracy":0.6454635108481263,"correct":1309,"pct":64.5,"total":2028},"macro_regime":{"accuracy":0.2901058631921824,"correct":1425,"pct":29.0,"total":4912},"mean_reversion":{"accuracy":0.5599288979177247,"correct":4410,"pct":56.0,"total":7876},"ministral":{"accuracy":0.27371022551745444,"correct":886,"pct":27.4,"total":3237},"ml":{"accuracy":0.607308584686775,"correct":1047,"pct":60.7,"total":1724},"momentum":{"accuracy":0.4576271186440678,"correct":135,"pct":45.8,"total":295},"momentum_factors":{"accuracy":0.4898518041237113,"correct":3041,"pct":49.0,"total":6208},"news_event":{"accuracy":0.5094850948509485,"correct":188,"pct":50.9,"total":369},"oscillators":{"accuracy":0.5825242718446602,"correct":300,"pct":58.3,"total":515},"rsi":{"accuracy":0.48676626279261265,"correct":4138,"pct":48.7,"total":8501},"sentiment":{"accuracy":0.47994749890622723,"correct":6582,"pct":48.0,"total":13714},"smart_money":{"accuracy":0.4781894934333959,"correct":2039,"pct":47.8,"total":4264},"structure":{"accuracy":0.4525618546658874,"correct":2323,"pct":45.3,"total":5133},"trend":{"accuracy":0.3978310502283105,"correct":1394,"pct":39.8,"total":3504},"volatility_sig":{"accuracy":0.42391304347826086,"correct":312,"pct":42.4,"total":736},"volume":{"accuracy":0.44726264726264725,"correct":3227,"pct":44.7,"total":7215},"volume_flow":{"accuracy":0.5016034614405701,"correct":9854,"pct":50.2,"total":19645}}},"1d":{"consensus":{"accuracy":0.4841211225997046,"correct":14421,"pct":48.4,"total":29788},"per_ticker":{"AAPL":{"accuracy":0.45311130587204207,"correct":517,"pct":45.3,"total":1141},"AI":{"accuracy":0.3317757009345794,"correct":71,"pct":33.2,"total":214},"AMD":{"accuracy":0.24815724815724816,"correct":202,"pct":24.8,"total":814},"AMZN":{"accuracy":0.3859516616314199,"correct":511,"pct":38.6,"total":1324},"AVGO":{"accuracy":0.48899188876013905,"correct":422,"pct":48.9,"total":863},"BABA":{"accuracy":0.39714285714285713,"correct":139,"pct":39.7,"total":350},"BTC-USD":{"accuracy":0.5226917057902973,"correct":1002,"pct":52.3,"total":1917},"ETH-USD":{"accuracy":0.4586709886547812,"correct":849,"pct":45.9,"total":1851},"GOOGL":{"accuracy":0.3204819277108434,"correct":399,"pct":32.0,"total":1245},"GRRR":{"accuracy":0.17581047381546136,"correct":141,"pct":17.6,"total":802},"IONQ":{"accuracy":0.39763779527559057,"correct":202,"pct":39.8,"total":508},"LMT":{"accuracy":0.6257615317667538,"correct":719,"pct":62.6,"total":1149},"META":{"accuracy":0.34515366430260047,"correct":438,"pct":34.5,"total":1269},"MRVL":{"accuracy":0.4840989399293286,"correct":274,"pct":48.4,"total":566},"MSTR":{"accuracy":0.4087719298245614,"correct":233,"pct":40.9,"total":570},"MU":{"accuracy":0.6859592711682744,"correct":640,"pct":68.6,"total":933},"NVDA":{"accuracy":0.6378787878787879,"correct":842,"pct":63.8,"total":1320},"PLTR":{"accuracy":0.5319148936170213,"correct":425,"pct":53.2,"total":799},"PONY":{"accuracy":0.458252427184466,"correct":236,"pct":45.8,"total":515},"QQQ":{"accuracy":0.5581761006289309,"correct":355,"pct":55.8,"total":636},"RXRX":{"accuracy":0.2443653618030842,"correct":206,"pct":24.4,"total":843},"SMCI":{"accuracy":0.5415135929463629,"correct":737,"pct":54.2,"total":1361},"SOUN":{"accuracy":0.5579710144927537,"correct":539,"pct":55.8,"total":966},"TEM":{"accuracy":0.4805194805194805,"correct":333,"pct":48.1,"total":693},"TSM":{"accuracy":0.5636363636363636,"correct":558,"pct":56.4,"total":990},"TTWO":{"accuracy":0.40796703296703296,"correct":297,"pct":40.8,"total":728},"UPST":{"accuracy":0.5991803278688524,"correct":731,"pct":59.9,"total":1220},"VERI":{"accuracy":0.7317909168808912,"correct":854,"pct":73.2,"total":1167},"VRT":{"accuracy":0.3699658703071672,"correct":542,"pct":37.0,"total":1465},"XAG-USD":{"accuracy":0.6491442542787286,"correct":531,"pct":64.9,"total":818},"XAU-USD":{"accuracy":0.6338215712383488,"correct":476,"pct":63.4,"total":751}},"signals":{"bb":{"accuracy":0.5448796409628723,"correct":2671,"pct":54.5,"total":4902},"calendar":{"accuracy":0.6471111111111111,"correct":2912,"pct":64.7,"total":4500},"candlestick":{"accuracy":0.49210757088570595,"correct":3367,"pct":49.2,"total":6842},"claude_fundamental":{"accuracy":0.0,"correct":0,"pct":0.0,"total":0},"econ_calendar":{"accuracy":0.8947368421052632,"correct":68,"pct":89.5,"total":76},"ema":{"accuracy":0.4820817576084999,"correct":5354,"pct":48.2,"total":11106},"fear_greed":{"accuracy":0.5245901639344263,"correct":2880,"pct":52.5,"total":5490},"fibonacci":{"accuracy":0.40887548470486856,"correct":3796,"pct":40.9,"total":9284},"forecast":{"accuracy":0.4975429975429975,"correct":2025,"pct":49.8,"total":4070},"funding":{"accuracy":0.29850746268656714,"correct":160,"pct":29.9,"total":536},"futures_flow":{"accuracy":0.3333333333333333,"correct":1,"pct":33.3,"total":3},"heikin_ashi":{"accuracy":0.47937593502885234,"correct":6729,"pct":47.9,"total":14037},"macd":{"accuracy":0.3813941160879936,"correct":1439,"pct":38.1,"total":3773},"macro_regime":{"accuracy":0.43736680085247454,"correct":5541,"pct":43.7,"total":12669},"mean_reversion":{"accuracy":0.5037325285895807,"correct":6343,"pct":50.4,"total":12592},"ministral":{"accuracy":0.5960960960960962,"correct":2382,"pct":59.6,"total":3996},"ml":{"accuracy":0.41715285880980163,"correct":715,"pct":41.7,"total":1714},"momentum":{"accuracy":0.47742663656884876,"correct":423,"pct":47.7,"total":886},"momentum_factors":{"accuracy":0.5647478349465105,