{"10d":{"consensus":{"accuracy":0.5355038302887448,"correct":3635,"pct":53.6,"total":6788},"per_ticker":{"AAPL":{"accuracy":0.7269736842105263,"correct":221,"pct":72.7,"total":304},"AMD":{"accuracy":0.46153846153846156,"correct":144,"pct":46.2,"total":312},"AMZN":{"accuracy":0.5892857142857143,"correct":198,"pct":58.9,"total":336},"AVGO":{"accuracy":0.2893081761006289,"correct":92,"pct":28.9,"total":318},"BTC-USD":{"accuracy":0.4469914040114613,"correct":312,"pct":44.7,"total":698},"ETH-USD":{"accuracy":0.5199409158050221,"correct":352,"pct":52.0,"total":677},"GOOGL":{"accuracy":0.5843373493975904,"correct":194,"pct":58.4,"total":332},"LMT":{"accuracy":0.2958801498127341,"correct":79,"pct":29.6,"total":267},"META":{"accuracy":0.6224188790560472,"correct":211,"pct":62.2,"total":339},"MSTR":{"accuracy":0.1125,"correct":9,"pct":11.2,"total":80},"MU":{"accuracy":0.02702702702702703,"correct":7,"pct":2.7,"total":259},"NVDA":{"accuracy":0.1412037037037037,"correct":61,"pct":14.1,"total":432},"PLTR":{"accuracy":0.7414330218068536,"correct":238,"pct":74.1,"total":321},"SMCI":{"accuracy":0.3862928348909657,"correct":124,"pct":38.6,"total":321},"SOUN":{"accuracy":0.9555555555555556,"correct":301,"pct":95.6,"total":315},"TSM":{"accuracy":0.5694915254237288,"correct":168,"pct":56.9,"total":295},"TTWO":{"accuracy":0.7148148148148148,"correct":193,"pct":71.5,"total":270},"VRT":{"accuracy":0.850609756097561,"correct":279,"pct":85.1,"total":328},"XAG-USD":{"accuracy":0.7713310580204779,"correct":226,"pct":77.1,"total":293},"XAU-USD":{"accuracy":0.7766323024054983,"correct":226,"pct":77.7,"total":291}},"signals":{"bb":{"accuracy":0.7357089829250185,"correct":991,"pct":73.6,"total":1347},"calendar":{"accuracy":0.653972153972154,"correct":1597,"pct":65.4,"total":2442},"candlestick":{"accuracy":0.5121668597914253,"correct":442,"pct":51.2,"total":863},"claude_fundamental":{"accuracy":0.0,"correct":0,"pct":0.0,"total":0},"econ_calendar":{"accuracy":0.0,"correct":0,"pct":0.0,"total":0},"ema":{"accuracy":0.3362162162162162,"correct":933,"pct":33.6,"total":2775},"fear_greed":{"accuracy":0.44550669216061184,"correct":932,"pct":44.6,"total":2092},"fibonacci":{"accuracy":0.47166705854690805,"correct":2006,"pct":47.2,"total":4253},"forecast":{"accuracy":0.0,"correct":0,"pct":0.0,"total":0},"funding":{"accuracy":0.7710843373493976,"correct":128,"pct":77.1,"total":166},"futures_flow":{"accuracy":0.0,"correct":0,"pct":0.0,"total":0},"heikin_ashi":{"accuracy":0.4407051282051282,"correct":825,"pct":44.1,"total":1872},"macd":{"accuracy":0.5890603085553997,"correct":420,"pct":58.9,"total":713},"macro_regime":{"accuracy":0.3018607856650586,"correct":438,"pct":30.2,"total":1451},"mean_reversion":{"accuracy":0.5818899364174523,"correct":2654,"pct":58.2,"total":4561},"ministral":{"accuracy":0.47970268724985704,"correct":839,"pct":48.0,"total":1749},"ml":{"accuracy":0.4308779011099899,"correct":427,"pct":43.1,"total":991},"momentum":{"accuracy":0.4671280276816609,"correct":135,"pct":46.7,"total":289},"momentum_factors":{"accuracy":0.5147058823529411,"correct":2835,"pct":51.5,"total":5508},"news_event":{"accuracy":0.0,"correct":0,"pct":0.0,"total":0},"oscillators":{"accuracy":0.631578947368421,"correct":96,"pct":63.2,"total":152},"rsi":{"accuracy":0.6473859844271412,"correct":1746,"pct":64.7,"total":2697},"sentiment":{"accuracy":0.39935064935064934,"correct":1599,"pct":39.9,"total":4004},"smart_money":{"accuracy":0.47847973823307327,"correct":1901,"pct":47.8,"total":3973},"structure":{"accuracy":0.4733856893542757,"correct":2170,"pct":47.3,"total":4584},"trend":{"accuracy":0.4725609756097561,"correct":310,"pct":47.3,"total":656},"volatility_sig":{"accuracy":0.38366336633663367,"correct":155,"pct":38.4,"total":404},"volume":{"accuracy":0.4415322580645161,"correct":1314,"pct":44.2,"total":2976},"volume_flow":{"accuracy":0.5001998401278976,"correct":2503,"pct":50.0,"total":5004}}},"1d":{"consensus":{"accuracy":0.47811307927635305,"correct":12659,"pct":47.8,"total":26477},"per_ticker":{"AAPL":{"accuracy":0.490134994807892,"correct":472,"pct":49.0,"total":963},"AI":{"accuracy":0.3317757009345794,"correct":71,"pct":33.2,"total":214},"AMD":{"accuracy":0.190625,"correct":122,"pct":19.1,"total":640},"AMZN":{"accuracy":0.36330608537693004,"correct":400,"pct":36.3,"total":1101},"AVGO":{"accuracy":0.5084033613445378,"correct":363,"pct":50.8,"total":714},"BABA":{"accuracy":0.3923705722070845,"correct":144,"pct":39.2,"total":367},"BTC-USD":{"accuracy":0.5437844458052664,"correct":888,"pct":54.4,"total":1633},"ETH-USD":{"accuracy":0.46712586098935505,"correct":746,"pct":46.7,"total":1597},"GOOGL":{"accuracy":0.2453748782862707,"correct":252,"pct":24.5,"total":1027},"GRRR":{"accuracy":0.17559153175591533,"correct":141,"pct":17.6,"total":803},"IONQ":{"accuracy":0.3968565815324165,"correct":202,"pct":39.7,"total":509},"LMT":{"accuracy":0.6209081309398099,"correct":588,"pct":62.1,"total":947},"META":{"accuracy":0.29557522123893804,"correct":334,"pct":29.6,"total":1130},"MRVL":{"accuracy":0.5394190871369294,"correct":390,"pct":53.9,"total":723},"MSTR":{"accuracy":0.4720496894409938,"correct":304,"pct":47.2,"total":644},"MU":{"accuracy":0.7640287769784173,"correct":531,"pct":76.4,"total":695},"NVDA":{"accuracy":0.6692573402417962,"correct":775,"pct":66.9,"total":1158},"PLTR":{"accuracy":0.5462962962962963,"correct":354,"pct":54.6,"total":648},"PONY":{"accuracy":0.45124282982791586,"correct":236,"pct":45.1,"total":523},"QQQ":{"accuracy":0.4550438596491228,"correct":415,"pct":45.5,"total":912},"RXRX":{"accuracy":0.24497041420118343,"correct":207,"pct":24.5,"total":845},"SMCI":{"accuracy":0.4914933837429111,"correct":520,"pct":49.1,"total":1058},"SOUN":{"accuracy":0.5382475660639777,"correct":387,"pct":53.8,"total":719},"TEM":{"accuracy":0.47844827586206895,"correct":333,"pct":47.8,"total":696},"TSM":{"accuracy":0.5951156812339332,"correct":463,"pct":59.5,"total":778},"TTWO":{"accuracy":0.2984790874524715,"correct":157,"pct":29.8,"total":526},"UPST":{"accuracy":0.5991803278688524,"correct":731,"pct":59.9,"total":1220},"VERI":{"accuracy":0.7270408163265306,"correct":855,"pct":72.7,"total":1176},"VRT":{"accuracy":0.33225283630470015,"correct":410,"pct":33.2,"total":1234},"XAG-USD":{"accuracy":0.7024539877300614,"correct":458,"pct":70.2,"total":652},"XAU-USD":{"accuracy":0.656,"correct":410,"pct":65.6,"total":625}},"signals":{"bb":{"accuracy":0.5313755020080321,"correct":2117,"pct":53.1,"total":3984},"calendar":{"accuracy":0.6416210295728368,"correct":2929,"pct":64.2,"total":4565},"candlestick":{"accuracy":0.48827642945290006,"correct":2374,"pct":48.8,"total":4862},"claude_fundamental":{"accuracy":0.0,"correct":0,"pct":0.0,"total":0},"econ_calendar":{"accuracy":0.0,"correct":0,"pct":0.0,"total":0},"ema":{"accuracy":0.5153768164920581,"correct":4575,"pct":51.5,"total":8877},"fear_greed":{"accuracy":0.46769527483124396,"correct":1940,"pct":46.8,"total":4148},"fibonacci":{"accuracy":0.4109406270847232,"correct":3696,"pct":41.1,"total":8994},"forecast":{"accuracy":0.36065573770491804,"correct":66,"pct":36.1,"total":183},"funding":{"accuracy":0.297951582867784,"correct":160,"pct":29.8,"total":537},"futures_flow":{"accuracy":0.0,"correct":0,"pct":0.0,"total":0},"heikin_ashi":{"accuracy":0.49859435929990026,"correct":5498,"pct":49.9,"total":11027},"macd":{"accuracy":0.38463911165946946,"correct":1247,"pct":38.5,"total":3242},"macro_regime":{"accuracy":0.469085211522237,"correct":3892,"pct":46.9,"total":8297},"mean_reversion":{"accuracy":0.48721184586908967,"correct":5791,"pct":48.7,"total":11886},"ministral":{"accuracy":0.6311752071187481,"correct":2057,"pct":63.1,"total":3259},"ml":{"accuracy":0.4175824175824176,"correct":722,"pct":41.8,"total":1729},"momentum":{"accuracy":0.3161764705882353,"correct":129,"pct":31.6,"total":408},"momentum_factors":{"accuracy":0.5834568947256937,"correct":5509,"pct":58.3,"total":9442},"news_event":{"accuracy":0.24074074074074073,"correct":91,"pct":24.1,"total":378},