{"10d":{"consensus":{"accuracy":0.4977951984321411,"correct":9144,"pct":49.8,"total":18369},"per_ticker":{"AAPL":{"accuracy":0.6998961578400831,"correct":674,"pct":70.0,"total":963},"AMD":{"accuracy":0.3265625,"correct":209,"pct":32.7,"total":640},"AMZN":{"accuracy":0.6894353369763205,"correct":757,"pct":68.9,"total":1098},"AVGO":{"accuracy":0.5518207282913166,"correct":394,"pct":55.2,"total":714},"BTC-USD":{"accuracy":0.42124768375540456,"correct":682,"pct":42.1,"total":1619},"ETH-USD":{"accuracy":0.5453400503778337,"correct":866,"pct":54.5,"total":1588},"GOOGL":{"accuracy":0.2395326192794547,"correct":246,"pct":24.0,"total":1027},"LMT":{"accuracy":0.4619450317124736,"correct":437,"pct":46.2,"total":946},"META":{"accuracy":0.8343666961913198,"correct":942,"pct":83.4,"total":1129},"MSTR":{"accuracy":0.5317324185248714,"correct":310,"pct":53.2,"total":583},"MU":{"accuracy":0.2017291066282421,"correct":140,"pct":20.2,"total":694},"NVDA":{"accuracy":0.2452504317789292,"correct":284,"pct":24.5,"total":1158},"PLTR":{"accuracy":0.6934984520123839,"correct":448,"pct":69.3,"total":646},"SMCI":{"accuracy":0.5741444866920152,"correct":604,"pct":57.4,"total":1052},"SOUN":{"accuracy":0.6251748251748251,"correct":447,"pct":62.5,"total":715},"TSM":{"accuracy":0.2467866323907455,"correct":192,"pct":24.7,"total":778},"TTWO":{"accuracy":0.6514285714285715,"correct":342,"pct":65.1,"total":525},"VRT":{"accuracy":0.3500810372771475,"correct":432,"pct":35.0,"total":1234},"XAG-USD":{"accuracy":0.49230769230769234,"correct":320,"pct":49.2,"total":650},"XAU-USD":{"accuracy":0.6852459016393443,"correct":418,"pct":68.5,"total":610}},"signals":{"bb":{"accuracy":0.6900070372976777,"correct":1961,"pct":69.0,"total":2842},"calendar":{"accuracy":0.6393388429752066,"correct":1934,"pct":63.9,"total":3025},"candlestick":{"accuracy":0.4437991117184831,"correct":1299,"pct":44.4,"total":2927},"claude_fundamental":{"accuracy":0.0,"correct":0,"pct":0.0,"total":0},"econ_calendar":{"accuracy":0.0,"correct":0,"pct":0.0,"total":0},"ema":{"accuracy":0.32261266626960494,"correct":1625,"pct":32.3,"total":5037},"fear_greed":{"accuracy":0.7093643862202814,"correct":2924,"pct":70.9,"total":4122},"fibonacci":{"accuracy":0.4738120013874436,"correct":2732,"pct":47.4,"total":5766},"forecast":{"accuracy":0.4385026737967914,"correct":82,"pct":43.9,"total":187},"funding":{"accuracy":0.9292364990689013,"correct":499,"pct":92.9,"total":537},"futures_flow":{"accuracy":0.0,"correct":0,"pct":0.0,"total":0},"heikin_ashi":{"accuracy":0.4061952861952862,"correct":3016,"pct":40.6,"total":7425},"macd":{"accuracy":0.6442495126705653,"correct":1322,"pct":64.4,"total":2052},"macro_regime":{"accuracy":0.28370181960477403,"correct":1450,"pct":28.4,"total":5111},"mean_reversion":{"accuracy":0.5557602554654876,"correct":4525,"pct":55.6,"total":8142},"ministral":{"accuracy":0.273372415921012,"correct":886,"pct":27.3,"total":3241},"ml":{"accuracy":0.607308584686775,"correct":1047,"pct":60.7,"total":1724},"momentum":{"accuracy":0.45791245791245794,"correct":136,"pct":45.8,"total":297},"momentum_factors":{"accuracy":0.5048905449464369,"correct":3252,"pct":50.5,"total":6441},"news_event":{"accuracy":0.5040214477211796,"correct":188,"pct":50.4,"total":373},"oscillators":{"accuracy":0.581081081081081,"correct":301,"pct":58.1,"total":518},"rsi":{"accuracy":0.4927616311194607,"correct":4459,"pct":49.3,"total":9049},"sentiment":{"accuracy":0.47128245476003144,"correct":6589,"pct":47.1,"total":13981},"smart_money":{"accuracy":0.502330743618202,"correct":2263,"pct":50.2,"total":4505},"structure":{"accuracy":0.46924957682903895,"correct":2495,"pct":46.9,"total":5317},"trend":{"accuracy":0.40686958950013963,"correct":1457,"pct":40.7,"total":3581},"volatility_sig":{"accuracy":0.4197994987468672,"correct":335,"pct":42.0,"total":798},"volume":{"accuracy":0.45450863930885527,"correct":3367,"pct":45.5,"total":7408},"volume_flow":{"accuracy":0.4897422409258285,"correct":10241,"pct":49.0,"total":20911}}},"1d":{"consensus":{"accuracy":0.48381079280479683,"correct":14524,"pct":48.4,"total":30020},"per_ticker":{"AAPL":{"accuracy":0.45335658238884047,"correct":520,"pct":45.3,"total":1147},"AI":{"accuracy":0.3317757009345794,"correct":71,"pct":33.2,"total":214},"AMD":{"accuracy":0.25029797377830754,"correct":210,"pct":25.0,"total":839},"AMZN":{"accuracy":0.39166046165301566,"correct":526,"pct":39.2,"total":1343},"AVGO":{"accuracy":0.4833906071019473,"correct":422,"pct":48.3,"total":873},"BABA":{"accuracy":0.39714285714285713,"correct":139,"pct":39.7,"total":350},"BTC-USD":{"accuracy":0.5240807871569135,"correct":1012,"pct":52.4,"total":1931},"ETH-USD":{"accuracy":0.45976394849785407,"correct":857,"pct":46.0,"total":1864},"GOOGL":{"accuracy":0.3168238993710692,"correct":403,"pct":31.7,"total":1272},"GRRR":{"accuracy":0.17581047381546136,"correct":141,"pct":17.6,"total":802},"IONQ":{"accuracy":0.39763779527559057,"correct":202,"pct":39.8,"total":508},"LMT":{"accuracy":0.6233877901977644,"correct":725,"pct":62.3,"total":1163},"META":{"accuracy":0.34401876465989056,"correct":440,"pct":34.4,"total":1279},"MRVL":{"accuracy":0.4840989399293286,"correct":274,"pct":48.4,"total":566},"MSTR":{"accuracy":0.4087719298245614,"correct":233,"pct":40.9,"total":570},"MU":{"accuracy":0.6807165437302424,"correct":646,"pct":68.1,"total":949},"NVDA":{"accuracy":0.6398496240601503,"correct":851,"pct":64.0,"total":1330},"PLTR":{"accuracy":0.5319148936170213,"correct":425,"pct":53.2,"total":799},"PONY":{"accuracy":0.458252427184466,"correct":236,"pct":45.8,"total":515},"QQQ":{"accuracy":0.5581761006289309,"correct":355,"pct":55.8,"total":636},"RXRX":{"accuracy":0.2443653618030842,"correct":206,"pct":24.4,"total":843},"SMCI":{"accuracy":0.5382932166301969,"correct":738,"pct":53.8,"total":1371},"SOUN":{"accuracy":0.5476673427991886,"correct":540,"pct":54.8,"total":986},"TEM":{"accuracy":0.4805194805194805,"correct":333,"pct":48.1,"total":693},"TSM":{"accuracy":0.5718533201189296,"correct":577,"pct":57.2,"total":1009},"TTWO":{"accuracy":0.4106412005457026,"correct":301,"pct":41.1,"total":733},"UPST":{"accuracy":0.5991803278688524,"correct":731,"pct":59.9,"total":1220},"VERI":{"accuracy":0.7317909168808912,"correct":854,"pct":73.2,"total":1167},"VRT":{"accuracy":0.37228260869565216,"correct":548,"pct":37.2,"total":1472},"XAG-USD":{"accuracy":0.6456310679611651,"correct":532,"pct":64.6,"total":824},"XAU-USD":{"accuracy":0.6329787234042553,"correct":476,"pct":63.3,"total":752}},"signals":{"bb":{"accuracy":0.5456389452332657,"correct":2690,"pct":54.6,"total":4930},"calendar":{"accuracy":0.6468236339404709,"correct":2912,"pct":64.7,"total":4502},"candlestick":{"accuracy":0.49265764468759,"correct":3422,"pct":49.3,"total":6946},"claude_fundamental":{"accuracy":0.0,"correct":0,"pct":0.0,"total":0},"econ_calendar":{"accuracy":0.6064139941690962,"correct":208,"pct":60.6,"total":343},"ema":{"accuracy":0.48269351793580867,"correct":5369,"pct":48.3,"total":11123},"fear_greed":{"accuracy":0.5296762589928058,"correct":2945,"pct":53.0,"total":5560},"fibonacci":{"accuracy":0.4097691894793344,"correct":3817,"pct":41.0,"total":9315},"forecast":{"accuracy":0.5005925574780754,"correct":2112,"pct":50.1,"total":4219},"funding":{"accuracy":0.29850746268656714,"correct":160,"pct":29.9,"total":536},"futures_flow":{"accuracy":0.3333333333333333,"correct":1,"pct":33.3,"total":3},"heikin_ashi":{"accuracy":0.47887622956620196,"correct":6767,"pct":47.9,"total":14131},"macd":{"accuracy":0.384977754514525,"correct":1471,"pct":38.5,"total":3821},"macro_regime":{"accuracy":0.43726325757575757,"correct":5541,"pct":43.7,"total":12672},"mean_reversion":{"accuracy":0.5041087231352718,"correct":6380,"pct":50.4,"total":12656},"ministral":{"accuracy":0.5959469602201651,"correct":2382,"pct":59.6,"total":3997},"ml":{"accuracy":0.41715285880980163,"correct":715,"pct":41.7,"total":1714},"momentum":{"accuracy":0.48004434589800443,"correct":433,"pct":48.0,"total":902},"momentum_factors":{"accuracy":0.5652924451665313,