{"10d":{"consensus":{"accuracy":0.49654218533886585,"correct":9334,"pct":49.7,"total":18798},"per_ticker":{"AAPL":{"accuracy":0.7028112449799196,"correct":700,"pct":70.3,"total":996},"AMD":{"accuracy":0.3257229832572298,"correct":214,"pct":32.6,"total":657},"AMZN":{"accuracy":0.6791778373547811,"correct":760,"pct":67.9,"total":1119},"AVGO":{"accuracy":0.5486968449931413,"correct":400,"pct":54.9,"total":729},"BTC-USD":{"accuracy":0.4218181818181818,"correct":696,"pct":42.2,"total":1650},"ETH-USD":{"accuracy":0.542027194066749,"correct":877,"pct":54.2,"total":1618},"GOOGL":{"accuracy":0.23873441994247363,"correct":249,"pct":23.9,"total":1043},"LMT":{"accuracy":0.45040485829959515,"correct":445,"pct":45.0,"total":988},"META":{"accuracy":0.8361086765994742,"correct":954,"pct":83.6,"total":1141},"MSTR":{"accuracy":0.5317324185248714,"correct":310,"pct":53.2,"total":583},"MU":{"accuracy":0.213986013986014,"correct":153,"pct":21.4,"total":715},"NVDA":{"accuracy":0.24381926683716965,"correct":286,"pct":24.4,"total":1173},"PLTR":{"accuracy":0.6777609682299546,"correct":448,"pct":67.8,"total":661},"SMCI":{"accuracy":0.5678438661710037,"correct":611,"pct":56.8,"total":1076},"SOUN":{"accuracy":0.626193724420191,"correct":459,"pct":62.6,"total":733},"TSM":{"accuracy":0.25566750629722923,"correct":203,"pct":25.6,"total":794},"TTWO":{"accuracy":0.6573033707865169,"correct":351,"pct":65.7,"total":534},"VRT":{"accuracy":0.347444089456869,"correct":435,"pct":34.7,"total":1252},"XAG-USD":{"accuracy":0.49416909620991256,"correct":339,"pct":49.4,"total":686},"XAU-USD":{"accuracy":0.683076923076923,"correct":444,"pct":68.3,"total":650}},"signals":{"bb":{"accuracy":0.6859145527369827,"correct":2055,"pct":68.6,"total":2996},"calendar":{"accuracy":0.6393388429752066,"correct":1934,"pct":63.9,"total":3025},"candlestick":{"accuracy":0.44787031150667517,"correct":1409,"pct":44.8,"total":3146},"claude_fundamental":{"accuracy":0.0,"correct":0,"pct":0.0,"total":0},"econ_calendar":{"accuracy":0.0,"correct":0,"pct":0.0,"total":0},"ema":{"accuracy":0.3256120527306968,"correct":1729,"pct":32.6,"total":5310},"fear_greed":{"accuracy":0.7157095396298054,"correct":3016,"pct":71.6,"total":4214},"fibonacci":{"accuracy":0.47284014485256076,"correct":2742,"pct":47.3,"total":5799},"forecast":{"accuracy":0.41047297297297297,"correct":243,"pct":41.0,"total":592},"funding":{"accuracy":0.9292364990689013,"correct":499,"pct":92.9,"total":537},"futures_flow":{"accuracy":0.0,"correct":0,"pct":0.0,"total":0},"heikin_ashi":{"accuracy":0.4022659200416721,"correct":3089,"pct":40.2,"total":7679},"macd":{"accuracy":0.6389405204460966,"correct":1375,"pct":63.9,"total":2152},"macro_regime":{"accuracy":0.2952947539210384,"correct":1638,"pct":29.5,"total":5547},"mean_reversion":{"accuracy":0.5553263770929386,"correct":4577,"pct":55.5,"total":8242},"ministral":{"accuracy":0.2689176967138981,"correct":892,"pct":26.9,"total":3317},"ml":{"accuracy":0.607308584686775,"correct":1047,"pct":60.7,"total":1724},"momentum":{"accuracy":0.4585635359116022,"correct":166,"pct":45.9,"total":362},"momentum_factors":{"accuracy":0.5036563071297989,"correct":3306,"pct":50.4,"total":6564},"news_event":{"accuracy":0.5313131313131313,"correct":263,"pct":53.1,"total":495},"oscillators":{"accuracy":0.5716911764705882,"correct":311,"pct":57.2,"total":544},"rsi":{"accuracy":0.5002641310089805,"correct":4735,"pct":50.0,"total":9465},"sentiment":{"accuracy":0.466236827509706,"correct":6725,"pct":46.6,"total":14424},"smart_money":{"accuracy":0.500330323717243,"correct":2272,"pct":50.0,"total":4541},"structure":{"accuracy":0.46801785050204536,"correct":2517,"pct":46.8,"total":5378},"trend":{"accuracy":0.40974825923942154,"correct":1530,"pct":41.0,"total":3734},"volatility_sig":{"accuracy":0.4047350620067644,"correct":359,"pct":40.5,"total":887},"volume":{"accuracy":0.45348688419705696,"correct":3544,"pct":45.3,"total":7815},"volume_flow":{"accuracy":0.4862902099529817,"correct":10446,"pct":48.6,"total":21481}}},"1d":{"consensus":{"accuracy":0.4840904608507002,"correct":14727,"pct":48.4,"total":30422},"per_ticker":{"AAPL":{"accuracy":0.4510822510822511,"correct":521,"pct":45.1,"total":1155},"AI":{"accuracy":0.3317757009345794,"correct":71,"pct":33.2,"total":214},"AMD":{"accuracy":0.2573099415204678,"correct":220,"pct":25.7,"total":855},"AMZN":{"accuracy":0.3929098966026588,"correct":532,"pct":39.3,"total":1354},"AVGO":{"accuracy":0.48471121177802945,"correct":428,"pct":48.5,"total":883},"BABA":{"accuracy":0.39714285714285713,"correct":139,"pct":39.7,"total":350},"BTC-USD":{"accuracy":0.5259674134419552,"correct":1033,"pct":52.6,"total":1964},"ETH-USD":{"accuracy":0.4602422327540811,"correct":874,"pct":46.0,"total":1899},"GOOGL":{"accuracy":0.31465848042977745,"correct":410,"pct":31.5,"total":1303},"GRRR":{"accuracy":0.17581047381546136,"correct":141,"pct":17.6,"total":802},"IONQ":{"accuracy":0.39763779527559057,"correct":202,"pct":39.8,"total":508},"LMT":{"accuracy":0.6211490424646128,"correct":746,"pct":62.1,"total":1201},"META":{"accuracy":0.3454404945904173,"correct":447,"pct":34.5,"total":1294},"MRVL":{"accuracy":0.4840989399293286,"correct":274,"pct":48.4,"total":566},"MSTR":{"accuracy":0.4087719298245614,"correct":233,"pct":40.9,"total":570},"MU":{"accuracy":0.6787190082644629,"correct":657,"pct":67.9,"total":968},"NVDA":{"accuracy":0.6394913986537023,"correct":855,"pct":63.9,"total":1337},"PLTR":{"accuracy":0.5342465753424658,"correct":429,"pct":53.4,"total":803},"PONY":{"accuracy":0.458252427184466,"correct":236,"pct":45.8,"total":515},"QQQ":{"accuracy":0.5581761006289309,"correct":355,"pct":55.8,"total":636},"RXRX":{"accuracy":0.2443653618030842,"correct":206,"pct":24.4,"total":843},"SMCI":{"accuracy":0.5372918175235337,"correct":742,"pct":53.7,"total":1381},"SOUN":{"accuracy":0.5261627906976745,"correct":543,"pct":52.6,"total":1032},"TEM":{"accuracy":0.4805194805194805,"correct":333,"pct":48.1,"total":693},"TSM":{"accuracy":0.5680705190989226,"correct":580,"pct":56.8,"total":1021},"TTWO":{"accuracy":0.42245989304812837,"correct":316,"pct":42.2,"total":748},"UPST":{"accuracy":0.5991803278688524,"correct":731,"pct":59.9,"total":1220},"VERI":{"accuracy":0.7317909168808912,"correct":854,"pct":73.2,"total":1167},"VRT":{"accuracy":0.38603425559947296,"correct":586,"pct":38.6,"total":1518},"XAG-USD":{"accuracy":0.6471277842907386,"correct":552,"pct":64.7,"total":853},"XAU-USD":{"accuracy":0.6254876462938882,"correct":481,"pct":62.5,"total":769}},"signals":{"bb":{"accuracy":0.543357199681782,"correct":2732,"pct":54.3,"total":5028},"calendar":{"accuracy":0.6468236339404709,"correct":2912,"pct":64.7,"total":4502},"candlestick":{"accuracy":0.4936140350877193,"correct":3517,"pct":49.4,"total":7125},"claude_fundamental":{"accuracy":0.0,"correct":0,"pct":0.0,"total":0},"econ_calendar":{"accuracy":0.6866267465069861,"correct":688,"pct":68.7,"total":1002},"ema":{"accuracy":0.48279867750871236,"correct":5403,"pct":48.3,"total":11191},"fear_greed":{"accuracy":0.5328300561797753,"correct":3035,"pct":53.3,"total":5696},"fibonacci":{"accuracy":0.410390441647109,"correct":3847,"pct":41.0,"total":9374},"forecast":{"accuracy":0.4979166666666667,"correct":2151,"pct":49.8,"total":4320},"funding":{"accuracy":0.29850746268656714,"correct":160,"pct":29.9,"total":536},"futures_flow":{"accuracy":0.3333333333333333,"correct":1,"pct":33.3,"total":3},"heikin_ashi":{"accuracy":0.48031170264119716,"correct":6965,"pct":48.0,"total":14501},"macd":{"accuracy":0.3844973138910207,"correct":1503,"pct":38.4,"total":3909},"macro_regime":{"accuracy":0.43587935761848806,"correct":5564,"pct":43.6,"total":12765},"mean_reversion":{"accuracy":0.5061352090660414,"correct":6476,"pct":50.6,"total":12795},"ministral":{"accuracy":0.5961203680676449,"correct":2397,"pct":59.6,"total":4021},"ml":{"accuracy":0.41715285880980163,"correct":715,"pct":41.7,"total":1714},"momentum":{"accuracy":0.4900314795383001,"correct":467,"pct":49.0,"total":953},