{"10d":{"consensus":{"accuracy":0.5641435678749112,"correct":3175,"pct":56.4,"total":5628},"per_ticker":{"AAPL":{"accuracy":0.8764940239043825,"correct":220,"pct":87.6,"total":251},"AMD":{"accuracy":0.35135135135135137,"correct":91,"pct":35.1,"total":259},"AMZN":{"accuracy":0.6742424242424242,"correct":178,"pct":67.4,"total":264},"AVGO":{"accuracy":0.08130081300813008,"correct":20,"pct":8.1,"total":246},"BTC-USD":{"accuracy":0.46006389776357826,"correct":288,"pct":46.0,"total":626},"ETH-USD":{"accuracy":0.5322314049586777,"correct":322,"pct":53.2,"total":605},"GOOGL":{"accuracy":0.7293233082706767,"correct":194,"pct":72.9,"total":266},"LMT":{"accuracy":0.3691588785046729,"correct":79,"pct":36.9,"total":214},"META":{"accuracy":0.7153558052434457,"correct":191,"pct":71.5,"total":267},"MSTR":{"accuracy":0.1125,"correct":9,"pct":11.2,"total":80},"MU":{"accuracy":0.029411764705882353,"correct":7,"pct":2.9,"total":238},"NVDA":{"accuracy":0.11666666666666667,"correct":42,"pct":11.7,"total":360},"PLTR":{"accuracy":0.6746987951807228,"correct":168,"pct":67.5,"total":249},"SMCI":{"accuracy":0.492,"correct":123,"pct":49.2,"total":250},"SOUN":{"accuracy":0.9465648854961832,"correct":248,"pct":94.7,"total":262},"TSM":{"accuracy":0.75,"correct":168,"pct":75.0,"total":224},"TTWO":{"accuracy":0.8894009216589862,"correct":193,"pct":88.9,"total":217},"VRT":{"accuracy":0.8793774319066148,"correct":226,"pct":87.9,"total":257},"XAG-USD":{"accuracy":0.8152610441767069,"correct":203,"pct":81.5,"total":249},"XAU-USD":{"accuracy":0.8401639344262295,"correct":205,"pct":84.0,"total":244}},"signals":{"bb":{"accuracy":0.6834400731930467,"correct":747,"pct":68.3,"total":1093},"calendar":{"accuracy":0.653972153972154,"correct":1597,"pct":65.4,"total":2442},"candlestick":{"accuracy":0.5470588235294118,"correct":372,"pct":54.7,"total":680},"claude_fundamental":{"accuracy":0.0,"correct":0,"pct":0.0,"total":0},"econ_calendar":{"accuracy":0.0,"correct":0,"pct":0.0,"total":0},"ema":{"accuracy":0.3362162162162162,"correct":933,"pct":33.6,"total":2775},"fear_greed":{"accuracy":0.43018480492813144,"correct":838,"pct":43.0,"total":1948},"fibonacci":{"accuracy":0.4965268130036121,"correct":1787,"pct":49.7,"total":3599},"forecast":{"accuracy":0.0,"correct":0,"pct":0.0,"total":0},"funding":{"accuracy":0.7710843373493976,"correct":128,"pct":77.1,"total":166},"futures_flow":{"accuracy":0.0,"correct":0,"pct":0.0,"total":0},"heikin_ashi":{"accuracy":0.4518430439952438,"correct":760,"pct":45.2,"total":1682},"macd":{"accuracy":0.5927007299270073,"correct":406,"pct":59.3,"total":685},"macro_regime":{"accuracy":0.4002998500749625,"correct":267,"pct":40.0,"total":667},"mean_reversion":{"accuracy":0.5337748344370861,"correct":2015,"pct":53.4,"total":3775},"ministral":{"accuracy":0.4954296160877514,"correct":813,"pct":49.5,"total":1641},"ml":{"accuracy":0.4323499491353001,"correct":425,"pct":43.2,"total":983},"momentum":{"accuracy":0.5676855895196506,"correct":130,"pct":56.8,"total":229},"momentum_factors":{"accuracy":0.5749067778021496,"correct":2621,"pct":57.5,"total":4559},"news_event":{"accuracy":0.0,"correct":0,"pct":0.0,"total":0},"oscillators":{"accuracy":0.6544117647058824,"correct":89,"pct":65.4,"total":136},"rsi":{"accuracy":0.6535105941005401,"correct":1573,"pct":65.4,"total":2407},"sentiment":{"accuracy":0.4320760502913217,"correct":1409,"pct":43.2,"total":3261},"smart_money":{"accuracy":0.48954599761051376,"correct":1639,"pct":49.0,"total":3348},"structure":{"accuracy":0.5038605230386052,"correct":2023,"pct":50.4,"total":4015},"trend":{"accuracy":0.5224913494809689,"correct":302,"pct":52.2,"total":578},"volatility_sig":{"accuracy":0.38461538461538464,"correct":145,"pct":38.5,"total":377},"volume":{"accuracy":0.444609114486847,"correct":1200,"pct":44.5,"total":2699},"volume_flow":{"accuracy":0.5099789915966386,"correct":1942,"pct":51.0,"total":3808}}},"1d":{"consensus":{"accuracy":0.47811307927635305,"correct":12659,"pct":47.8,"total":26477},"per_ticker":{"AAPL":{"accuracy":0.490134994807892,"correct":472,"pct":49.0,"total":963},"AI":{"accuracy":0.3317757009345794,"correct":71,"pct":33.2,"total":214},"AMD":{"accuracy":0.190625,"correct":122,"pct":19.1,"total":640},"AMZN":{"accuracy":0.36330608537693004,"correct":400,"pct":36.3,"total":1101},"AVGO":{"accuracy":0.5084033613445378,"correct":363,"pct":50.8,"total":714},"BABA":{"accuracy":0.3923705722070845,"correct":144,"pct":39.2,"total":367},"BTC-USD":{"accuracy":0.5437844458052664,"correct":888,"pct":54.4,"total":1633},"ETH-USD":{"accuracy":0.46712586098935505,"correct":746,"pct":46.7,"total":1597},"GOOGL":{"accuracy":0.2453748782862707,"correct":252,"pct":24.5,"total":1027},"GRRR":{"accuracy":0.17559153175591533,"correct":141,"pct":17.6,"total":803},"IONQ":{"accuracy":0.3968565815324165,"correct":202,"pct":39.7,"total":509},"LMT":{"accuracy":0.6209081309398099,"correct":588,"pct":62.1,"total":947},"META":{"accuracy":0.29557522123893804,"correct":334,"pct":29.6,"total":1130},"MRVL":{"accuracy":0.5394190871369294,"correct":390,"pct":53.9,"total":723},"MSTR":{"accuracy":0.4720496894409938,"correct":304,"pct":47.2,"total":644},"MU":{"accuracy":0.7640287769784173,"correct":531,"pct":76.4,"total":695},"NVDA":{"accuracy":0.6692573402417962,"correct":775,"pct":66.9,"total":1158},"PLTR":{"accuracy":0.5462962962962963,"correct":354,"pct":54.6,"total":648},"PONY":{"accuracy":0.45124282982791586,"correct":236,"pct":45.1,"total":523},"QQQ":{"accuracy":0.4550438596491228,"correct":415,"pct":45.5,"total":912},"RXRX":{"accuracy":0.24497041420118343,"correct":207,"pct":24.5,"total":845},"SMCI":{"accuracy":0.4914933837429111,"correct":520,"pct":49.1,"total":1058},"SOUN":{"accuracy":0.5382475660639777,"correct":387,"pct":53.8,"total":719},"TEM":{"accuracy":0.47844827586206895,"correct":333,"pct":47.8,"total":696},"TSM":{"accuracy":0.5951156812339332,"correct":463,"pct":59.5,"total":778},"TTWO":{"accuracy":0.2984790874524715,"correct":157,"pct":29.8,"total":526},"UPST":{"accuracy":0.5991803278688524,"correct":731,"pct":59.9,"total":1220},"VERI":{"accuracy":0.7270408163265306,"correct":855,"pct":72.7,"total":1176},"VRT":{"accuracy":0.33225283630470015,"correct":410,"pct":33.2,"total":1234},"XAG-USD":{"accuracy":0.7024539877300614,"correct":458,"pct":70.2,"total":652},"XAU-USD":{"accuracy":0.656,"correct":410,"pct":65.6,"total":625}},"signals":{"bb":{"accuracy":0.5313755020080321,"correct":2117,"pct":53.1,"total":3984},"calendar":{"accuracy":0.6416210295728368,"correct":2929,"pct":64.2,"total":4565},"candlestick":{"accuracy":0.48827642945290006,"correct":2374,"pct":48.8,"total":4862},"claude_fundamental":{"accuracy":0.0,"correct":0,"pct":0.0,"total":0},"econ_calendar":{"accuracy":0.0,"correct":0,"pct":0.0,"total":0},"ema":{"accuracy":0.5153768164920581,"correct":4575,"pct":51.5,"total":8877},"fear_greed":{"accuracy":0.46769527483124396,"correct":1940,"pct":46.8,"total":4148},"fibonacci":{"accuracy":0.4109406270847232,"correct":3696,"pct":41.1,"total":8994},"forecast":{"accuracy":0.36065573770491804,"correct":66,"pct":36.1,"total":183},"funding":{"accuracy":0.297951582867784,"correct":160,"pct":29.8,"total":537},"futures_flow":{"accuracy":0.0,"correct":0,"pct":0.0,"total":0},"heikin_ashi":{"accuracy":0.49859435929990026,"correct":5498,"pct":49.9,"total":11027},"macd":{"accuracy":0.38463911165946946,"correct":1247,"pct":38.5,"total":3242},"macro_regime":{"accuracy":0.469085211522237,"correct":3892,"pct":46.9,"total":8297},"mean_reversion":{"accuracy":0.48721184586908967,"correct":5791,"pct":48.7,"total":11886},"ministral":{"accuracy":0.6311752071187481,"correct":2057,"pct":63.1,"total":3259},"ml":{"accuracy":0.4175824175824176,"correct":722,"pct":41.8,"total":1729},"momentum":{"accuracy":0.3161764705882353,"correct":129,"pct":31.6,"total":408},"momentum_factors":{"accuracy":0.5834568947256937,"correct":5509,"pct":58.3,"total":9442},"news_event":{"accuracy":0.24074074074074073,"correct":91,"pct":24.1,"total":378},"oscillators":{"accuracy":0.4535367545076283,