{"10d":{"consensus":{"accuracy":0.49665901023178116,"correct":9514,"pct":49.7,"total":19156},"per_ticker":{"AAPL":{"accuracy":0.6989141164856861,"correct":708,"pct":69.9,"total":1013},"AMD":{"accuracy":0.3406432748538012,"correct":233,"pct":34.1,"total":684},"AMZN":{"accuracy":0.6761061946902654,"correct":764,"pct":67.6,"total":1130},"AVGO":{"accuracy":0.5459459459459459,"correct":404,"pct":54.6,"total":740},"BTC-USD":{"accuracy":0.4284002396644697,"correct":715,"pct":42.8,"total":1669},"ETH-USD":{"accuracy":0.544560540872772,"correct":886,"pct":54.5,"total":1627},"GOOGL":{"accuracy":0.24056603773584906,"correct":255,"pct":24.1,"total":1060},"LMT":{"accuracy":0.44455544455544455,"correct":445,"pct":44.5,"total":1001},"META":{"accuracy":0.8327526132404182,"correct":956,"pct":83.3,"total":1148},"MSTR":{"accuracy":0.5317324185248714,"correct":310,"pct":53.2,"total":583},"MU":{"accuracy":0.21727748691099477,"correct":166,"pct":21.7,"total":764},"NVDA":{"accuracy":0.24342663273960985,"correct":287,"pct":24.3,"total":1179},"PLTR":{"accuracy":0.6738505747126436,"correct":469,"pct":67.4,"total":696},"SMCI":{"accuracy":0.5689810640216412,"correct":631,"pct":56.9,"total":1109},"SOUN":{"accuracy":0.6193633952254642,"correct":467,"pct":61.9,"total":754},"TSM":{"accuracy":0.2661782661782662,"correct":218,"pct":26.6,"total":819},"TTWO":{"accuracy":0.6392857142857142,"correct":358,"pct":63.9,"total":560},"VRT":{"accuracy":0.3579277864992151,"correct":456,"pct":35.8,"total":1274},"XAG-USD":{"accuracy":0.49416909620991256,"correct":339,"pct":49.4,"total":686},"XAU-USD":{"accuracy":0.6772727272727272,"correct":447,"pct":67.7,"total":660}},"signals":{"bb":{"accuracy":0.6839481555333998,"correct":2058,"pct":68.4,"total":3009},"calendar":{"accuracy":0.6393388429752066,"correct":1934,"pct":63.9,"total":3025},"candlestick":{"accuracy":0.4523738429381905,"correct":1515,"pct":45.2,"total":3349},"claude_fundamental":{"accuracy":0.0,"correct":0,"pct":0.0,"total":0},"econ_calendar":{"accuracy":0.0,"correct":0,"pct":0.0,"total":0},"ema":{"accuracy":0.3276200678450277,"correct":1835,"pct":32.8,"total":5601},"fear_greed":{"accuracy":0.7233256351039261,"correct":3132,"pct":72.3,"total":4330},"fibonacci":{"accuracy":0.47389969293756395,"correct":2778,"pct":47.4,"total":5862},"forecast":{"accuracy":0.4581976112920738,"correct":422,"pct":45.8,"total":921},"funding":{"accuracy":0.9292364990689013,"correct":499,"pct":92.9,"total":537},"futures_flow":{"accuracy":0.0,"correct":0,"pct":0.0,"total":0},"heikin_ashi":{"accuracy":0.40240994100665245,"correct":3206,"pct":40.2,"total":7967},"macd":{"accuracy":0.6359927470534905,"correct":1403,"pct":63.6,"total":2206},"macro_regime":{"accuracy":0.29815348128070474,"correct":1760,"pct":29.8,"total":5903},"mean_reversion":{"accuracy":0.5553430552235238,"correct":4646,"pct":55.5,"total":8366},"ministral":{"accuracy":0.2629259694477086,"correct":895,"pct":26.3,"total":3404},"ml":{"accuracy":0.607308584686775,"correct":1047,"pct":60.7,"total":1724},"momentum":{"accuracy":0.47117794486215536,"correct":188,"pct":47.1,"total":399},"momentum_factors":{"accuracy":0.5025540865384616,"correct":3345,"pct":50.3,"total":6656},"news_event":{"accuracy":0.5184,"correct":324,"pct":51.8,"total":625},"oscillators":{"accuracy":0.5743944636678201,"correct":332,"pct":57.4,"total":578},"rsi":{"accuracy":0.5021454842664487,"correct":4915,"pct":50.2,"total":9788},"sentiment":{"accuracy":0.46491751142913934,"correct":7017,"pct":46.5,"total":15093},"smart_money":{"accuracy":0.5008779631255488,"correct":2282,"pct":50.1,"total":4556},"structure":{"accuracy":0.46646906261578364,"correct":2518,"pct":46.6,"total":5398},"trend":{"accuracy":0.414498610760293,"correct":1641,"pct":41.4,"total":3959},"volatility_sig":{"accuracy":0.4080717488789238,"correct":364,"pct":40.8,"total":892},"volume":{"accuracy":0.45476370988122317,"correct":3599,"pct":45.5,"total":7914},"volume_flow":{"accuracy":0.4871030401590098,"correct":10783,"pct":48.7,"total":22137}}},"1d":{"consensus":{"accuracy":0.4832102959430326,"correct":14793,"pct":48.3,"total":30614},"per_ticker":{"AAPL":{"accuracy":0.44918872758326217,"correct":526,"pct":44.9,"total":1171},"AI":{"accuracy":0.3317757009345794,"correct":71,"pct":33.2,"total":214},"AMD":{"accuracy":0.2534562211981567,"correct":220,"pct":25.3,"total":868},"AMZN":{"accuracy":0.3908890521675239,"correct":532,"pct":39.1,"total":1361},"AVGO":{"accuracy":0.4798206278026906,"correct":428,"pct":48.0,"total":892},"BABA":{"accuracy":0.39714285714285713,"correct":139,"pct":39.7,"total":350},"BTC-USD":{"accuracy":0.5253807106598984,"correct":1035,"pct":52.5,"total":1970},"ETH-USD":{"accuracy":0.4580712788259958,"correct":874,"pct":45.8,"total":1908},"GOOGL":{"accuracy":0.310841546626232,"correct":410,"pct":31.1,"total":1319},"GRRR":{"accuracy":0.17581047381546136,"correct":141,"pct":17.6,"total":802},"IONQ":{"accuracy":0.39763779527559057,"correct":202,"pct":39.8,"total":508},"LMT":{"accuracy":0.6230323115161558,"correct":752,"pct":62.3,"total":1207},"META":{"accuracy":0.34659525631216526,"correct":453,"pct":34.7,"total":1307},"MRVL":{"accuracy":0.4840989399293286,"correct":274,"pct":48.4,"total":566},"MSTR":{"accuracy":0.4087719298245614,"correct":233,"pct":40.9,"total":570},"MU":{"accuracy":0.6813524590163934,"correct":665,"pct":68.1,"total":976},"NVDA":{"accuracy":0.6379182156133829,"correct":858,"pct":63.8,"total":1345},"PLTR":{"accuracy":0.5394088669950738,"correct":438,"pct":53.9,"total":812},"PONY":{"accuracy":0.458252427184466,"correct":236,"pct":45.8,"total":515},"QQQ":{"accuracy":0.5581761006289309,"correct":355,"pct":55.8,"total":636},"RXRX":{"accuracy":0.2443653618030842,"correct":206,"pct":24.4,"total":843},"SMCI":{"accuracy":0.5326633165829145,"correct":742,"pct":53.3,"total":1393},"SOUN":{"accuracy":0.5186246418338109,"correct":543,"pct":51.9,"total":1047},"TEM":{"accuracy":0.4805194805194805,"correct":333,"pct":48.1,"total":693},"TSM":{"accuracy":0.5658914728682171,"correct":584,"pct":56.6,"total":1032},"TTWO":{"accuracy":0.4278145695364238,"correct":323,"pct":42.8,"total":755},"UPST":{"accuracy":0.5991803278688524,"correct":731,"pct":59.9,"total":1220},"VERI":{"accuracy":0.7317909168808912,"correct":854,"pct":73.2,"total":1167},"VRT":{"accuracy":0.390228013029316,"correct":599,"pct":39.0,"total":1535},"XAG-USD":{"accuracy":0.646441073512252,"correct":554,"pct":64.6,"total":857},"XAU-USD":{"accuracy":0.6219354838709678,"correct":482,"pct":62.2,"total":775}},"signals":{"bb":{"accuracy":0.5393192488262911,"correct":2757,"pct":53.9,"total":5112},"calendar":{"accuracy":0.6468236339404709,"correct":2912,"pct":64.7,"total":4502},"candlestick":{"accuracy":0.4936708860759494,"correct":3549,"pct":49.4,"total":7189},"claude_fundamental":{"accuracy":0.0,"correct":0,"pct":0.0,"total":0},"econ_calendar":{"accuracy":0.6939571150097466,"correct":712,"pct":69.4,"total":1026},"ema":{"accuracy":0.4846739900779589,"correct":5471,"pct":48.5,"total":11288},"fear_greed":{"accuracy":0.5359260551098709,"correct":3073,"pct":53.6,"total":5734},"fibonacci":{"accuracy":0.4113203532290669,"correct":3866,"pct":41.1,"total":9399},"forecast":{"accuracy":0.4966659002069441,"correct":2160,"pct":49.7,"total":4349},"funding":{"accuracy":0.29850746268656714,"correct":160,"pct":29.9,"total":536},"futures_flow":{"accuracy":0.3333333333333333,"correct":1,"pct":33.3,"total":3},"heikin_ashi":{"accuracy":0.4818256354195135,"correct":7052,"pct":48.2,"total":14636},"macd":{"accuracy":0.38414634146341464,"correct":1512,"pct":38.4,"total":3936},"macro_regime":{"accuracy":0.4412173644368917,"correct":5712,"pct":44.1,"total":12946},"mean_reversion":{"accuracy":0.5068024566586333,"correct":6519,"pct":50.7,"total":12863},"ministral":{"accuracy":0.5956759443339961,"correct":2397,"pct":59.6,"total":4024},"ml":{"accuracy":0.41715285880980163,"correct":715,"pct":41.7,"total":1714},"momentum":{"accuracy":0.48854166666666665,"correct":469,"pct":48.9,"total":960},"momentum_factors":{"accuracy":0.5614349775784754,