{"10d":{"consensus":{"accuracy":0.4966379984362783,"correct":9528,"pct":49.7,"total":19185},"per_ticker":{"AAPL":{"accuracy":0.6989141164856861,"correct":708,"pct":69.9,"total":1013},"AMD":{"accuracy":0.3435225618631732,"correct":236,"pct":34.4,"total":687},"AMZN":{"accuracy":0.6761061946902654,"correct":764,"pct":67.6,"total":1130},"AVGO":{"accuracy":0.5459459459459459,"correct":404,"pct":54.6,"total":740},"BTC-USD":{"accuracy":0.4284002396644697,"correct":715,"pct":42.8,"total":1669},"ETH-USD":{"accuracy":0.544560540872772,"correct":886,"pct":54.5,"total":1627},"GOOGL":{"accuracy":0.2403393025447691,"correct":255,"pct":24.0,"total":1061},"LMT":{"accuracy":0.44190665342601787,"correct":445,"pct":44.2,"total":1007},"META":{"accuracy":0.8330434782608696,"correct":958,"pct":83.3,"total":1150},"MSTR":{"accuracy":0.5317324185248714,"correct":310,"pct":53.2,"total":583},"MU":{"accuracy":0.2186287192755498,"correct":169,"pct":21.9,"total":773},"NVDA":{"accuracy":0.24342663273960985,"correct":287,"pct":24.3,"total":1179},"PLTR":{"accuracy":0.6747851002865329,"correct":471,"pct":67.5,"total":698},"SMCI":{"accuracy":0.5693693693693693,"correct":632,"pct":56.9,"total":1110},"SOUN":{"accuracy":0.6190476190476191,"correct":468,"pct":61.9,"total":756},"TSM":{"accuracy":0.2658536585365854,"correct":218,"pct":26.6,"total":820},"TTWO":{"accuracy":0.6399286987522281,"correct":359,"pct":64.0,"total":561},"VRT":{"accuracy":0.35843137254901963,"correct":457,"pct":35.8,"total":1275},"XAG-USD":{"accuracy":0.49416909620991256,"correct":339,"pct":49.4,"total":686},"XAU-USD":{"accuracy":0.6772727272727272,"correct":447,"pct":67.7,"total":660}},"signals":{"bb":{"accuracy":0.6841406768414068,"correct":2062,"pct":68.4,"total":3014},"calendar":{"accuracy":0.6393388429752066,"correct":1934,"pct":63.9,"total":3025},"candlestick":{"accuracy":0.4524444444444444,"correct":1527,"pct":45.2,"total":3375},"claude_fundamental":{"accuracy":0.0,"correct":0,"pct":0.0,"total":0},"econ_calendar":{"accuracy":0.0,"correct":0,"pct":0.0,"total":0},"ema":{"accuracy":0.32828642679016745,"correct":1843,"pct":32.8,"total":5614},"fear_greed":{"accuracy":0.7243442245743212,"correct":3148,"pct":72.4,"total":4346},"fibonacci":{"accuracy":0.47427597955706985,"correct":2784,"pct":47.4,"total":5870},"forecast":{"accuracy":0.4658385093167702,"correct":450,"pct":46.6,"total":966},"funding":{"accuracy":0.9292364990689013,"correct":499,"pct":92.9,"total":537},"futures_flow":{"accuracy":0.0,"correct":0,"pct":0.0,"total":0},"heikin_ashi":{"accuracy":0.40309883793577406,"correct":3226,"pct":40.3,"total":8003},"macd":{"accuracy":0.6349707075259126,"correct":1409,"pct":63.5,"total":2219},"macro_regime":{"accuracy":0.299208620979963,"correct":1777,"pct":29.9,"total":5939},"mean_reversion":{"accuracy":0.5553435114503816,"correct":4656,"pct":55.5,"total":8384},"ministral":{"accuracy":0.2621558289396602,"correct":895,"pct":26.2,"total":3414},"ml":{"accuracy":0.607308584686775,"correct":1047,"pct":60.7,"total":1724},"momentum":{"accuracy":0.4725,"correct":189,"pct":47.2,"total":400},"momentum_factors":{"accuracy":0.5022509003601441,"correct":3347,"pct":50.2,"total":6664},"news_event":{"accuracy":0.5156739811912225,"correct":329,"pct":51.6,"total":638},"oscillators":{"accuracy":0.5721649484536082,"correct":333,"pct":57.2,"total":582},"rsi":{"accuracy":0.5017851678057738,"correct":4919,"pct":50.2,"total":9803},"sentiment":{"accuracy":0.46536412078152756,"correct":7074,"pct":46.5,"total":15201},"smart_money":{"accuracy":0.5008779631255488,"correct":2282,"pct":50.1,"total":4556},"structure":{"accuracy":0.4663951120162933,"correct":2519,"pct":46.6,"total":5401},"trend":{"accuracy":0.4148241206030151,"correct":1651,"pct":41.5,"total":3980},"volatility_sig":{"accuracy":0.4087346024636058,"correct":365,"pct":40.9,"total":893},"volume":{"accuracy":0.4559377353753452,"correct":3632,"pct":45.6,"total":7966},"volume_flow":{"accuracy":0.4864075488654235,"correct":10825,"pct":48.6,"total":22255}}},"1d":{"consensus":{"accuracy":0.4820923197033278,"correct":14820,"pct":48.2,"total":30741},"per_ticker":{"AAPL":{"accuracy":0.4492753623188406,"correct":527,"pct":44.9,"total":1173},"AI":{"accuracy":0.3317757009345794,"correct":71,"pct":33.2,"total":214},"AMD":{"accuracy":0.2491506228765572,"correct":220,"pct":24.9,"total":883},"AMZN":{"accuracy":0.39002932551319647,"correct":532,"pct":39.0,"total":1364},"AVGO":{"accuracy":0.4766666666666667,"correct":429,"pct":47.7,"total":900},"BABA":{"accuracy":0.39714285714285713,"correct":139,"pct":39.7,"total":350},"BTC-USD":{"accuracy":0.5253807106598984,"correct":1035,"pct":52.5,"total":1970},"ETH-USD":{"accuracy":0.4580712788259958,"correct":874,"pct":45.8,"total":1908},"GOOGL":{"accuracy":0.3119335347432024,"correct":413,"pct":31.2,"total":1324},"GRRR":{"accuracy":0.17581047381546136,"correct":141,"pct":17.6,"total":802},"IONQ":{"accuracy":0.39763779527559057,"correct":202,"pct":39.8,"total":508},"LMT":{"accuracy":0.6234516928158547,"correct":755,"pct":62.3,"total":1211},"META":{"accuracy":0.3434190620272315,"correct":454,"pct":34.3,"total":1322},"MRVL":{"accuracy":0.4840989399293286,"correct":274,"pct":48.4,"total":566},"MSTR":{"accuracy":0.4087719298245614,"correct":233,"pct":40.9,"total":570},"MU":{"accuracy":0.6816786079836233,"correct":666,"pct":68.2,"total":977},"NVDA":{"accuracy":0.6360266864343959,"correct":858,"pct":63.6,"total":1349},"PLTR":{"accuracy":0.5372405372405372,"correct":440,"pct":53.7,"total":819},"PONY":{"accuracy":0.458252427184466,"correct":236,"pct":45.8,"total":515},"QQQ":{"accuracy":0.5581761006289309,"correct":355,"pct":55.8,"total":636},"RXRX":{"accuracy":0.2443653618030842,"correct":206,"pct":24.4,"total":843},"SMCI":{"accuracy":0.5295794725588026,"correct":743,"pct":53.0,"total":1403},"SOUN":{"accuracy":0.5122641509433963,"correct":543,"pct":51.2,"total":1060},"TEM":{"accuracy":0.4805194805194805,"correct":333,"pct":48.1,"total":693},"TSM":{"accuracy":0.5684210526315789,"correct":594,"pct":56.8,"total":1045},"TTWO":{"accuracy":0.4295125164690382,"correct":326,"pct":43.0,"total":759},"UPST":{"accuracy":0.5991803278688524,"correct":731,"pct":59.9,"total":1220},"VERI":{"accuracy":0.7317909168808912,"correct":854,"pct":73.2,"total":1167},"VRT":{"accuracy":0.38910505836575876,"correct":600,"pct":38.9,"total":1542},"XAG-USD":{"accuracy":0.6412037037037037,"correct":554,"pct":64.1,"total":864},"XAU-USD":{"accuracy":0.6147959183673469,"correct":482,"pct":61.5,"total":784}},"signals":{"bb":{"accuracy":0.53924248340492,"correct":2762,"pct":53.9,"total":5122},"calendar":{"accuracy":0.6468236339404709,"correct":2912,"pct":64.7,"total":4502},"candlestick":{"accuracy":0.4936340990866316,"correct":3567,"pct":49.4,"total":7226},"claude_fundamental":{"accuracy":0.0,"correct":0,"pct":0.0,"total":0},"econ_calendar":{"accuracy":0.6939571150097466,"correct":712,"pct":69.4,"total":1026},"ema":{"accuracy":0.4856890459363958,"correct":5498,"pct":48.6,"total":11320},"fear_greed":{"accuracy":0.5391409767925182,"correct":3113,"pct":53.9,"total":5774},"fibonacci":{"accuracy":0.41159604969735586,"correct":3876,"pct":41.2,"total":9417},"forecast":{"accuracy":0.49702380952380953,"correct":2171,"pct":49.7,"total":4368},"funding":{"accuracy":0.29850746268656714,"correct":160,"pct":29.9,"total":536},"futures_flow":{"accuracy":0.3333333333333333,"correct":1,"pct":33.3,"total":3},"heikin_ashi":{"accuracy":0.483278955954323,"correct":7110,"pct":48.3,"total":14712},"macd":{"accuracy":0.384751325422873,"correct":1524,"pct":38.5,"total":3961},"macro_regime":{"accuracy":0.4487519915029209,"correct":5915,"pct":44.9,"total":13181},"mean_reversion":{"accuracy":0.5060866868263937,"correct":6527,"pct":50.6,"total":12897},"ministral":{"accuracy":0.5952321827663273,"correct":2397,"pct":59.5,"total":4027},"ml":{"accuracy":0.41715285880980163,"correct":715,"pct":41.7,"total":1714},"momentum":{"accuracy":0.48459958932238195,"correct":472,"pct":48.5,"total":974},"momentum_factors":{"accuracy":0.5610265592360489,